   Compiling ogc2026 v0.1.0 (/Users/tatsuyaishii/dev/heuristics-contests/ogc2026)
    Finished `release` profile [optimized] target(s) in 15.62s
     Running `target/release/ogc2026 --input in/train-final/prob_33.json --params params/default.yaml --timelimit 600`
[0.0031] building precompute...
[0.3866] precompute built
[0.3866] building preoptimize precompute...
[0.3891] preoptimize precompute built
[0.0001] [preopt-build] best: worker=0, trial=1, score=1134418.214, official=1134150.000, tardiness=154
[0.0002] [preopt-build] best: worker=2, trial=1, score=953443.446, official=953177.000, tardiness=132
[0.0003] [preopt-build] best: worker=3, trial=1, score=605414.920, official=605148.000, tardiness=81
[0.0004] [preopt-build] best: worker=1, trial=2, score=542793.507, official=542528.000, tardiness=57
[0.0013] [preopt-build] best: worker=2, trial=18, score=515943.505, official=515677.000, tardiness=66
[0.0015] [preopt-build] best: worker=1, trial=21, score=466021.863, official=465754.000, tardiness=49
[0.0018] [preopt-build] best: worker=3, trial=26, score=361623.632, official=361357.000, tardiness=36
[0.0020] [preopt-build] best: worker=3, trial=28, score=341336.414, official=341069.000, tardiness=31
[0.0023] [preopt-build] best: worker=1, trial=33, score=339523.736, official=339258.000, tardiness=39
[0.0056] [preopt-build] best: worker=3, trial=98, score=243697.677, official=243428.000, tardiness=24
[0.0076] [preopt-build] best: worker=2, trial=146, score=215699.931, official=215433.000, tardiness=13
[0.0085] [preopt-build] best: worker=2, trial=163, score=203765.481, official=203499.000, tardiness=21
[0.0192] [preopt-build] best: worker=2, trial=388, score=202639.879, official=202372.000, tardiness=15
[0.0334] [preopt-build] best: worker=1, trial=679, score=200479.495, official=200210.000, tardiness=11
[0.0439] [preopt-build] best: worker=0, trial=903, score=187420.146, official=187154.000, tardiness=18
[0.0582] [preopt-build] best: worker=1, trial=1204, score=154726.916, official=154457.000, tardiness=15
[0.2116] [preopt-build] best: worker=2, trial=4423, score=134397.000, official=134129.000, tardiness=9
[0.3910] [preopt-build] best: worker=2, trial=8213, score=103127.241, official=102858.000, tardiness=3
[0.7744] [preopt-build] best: worker=2, trial=16285, score=101402.543, official=101132.000, tardiness=5
[1.0000] [preopt-build worker=0] trials=21077, completed=21077
[1.0001] [preopt-build worker=1] trials=21099, completed=21099
[1.0001] [preopt-build worker=2] trials=21065, completed=21065
[1.0002] [preopt-build worker=3] trials=21066, completed=21066
[1.0002] [preopt-build] result: score=101402.543, official=101132.000, tardiness=5
[1.0002] [preopt]  local best: worker=1, iter=       2, score=101402.415
[1.0003] [preopt] shared best: worker=1, iter=       2, score=101402.415
[1.0003] [preopt]  local best: worker=0, iter=      12, score=101402.225
[1.0004] [preopt] shared best: worker=0, iter=      12, score=101402.225
[1.0003] [preopt]  local best: worker=3, iter=       2, score=101402.505
[1.0004] [preopt]  local best: worker=1, iter=      12, score=101402.386
[1.0003] [preopt]  local best: worker=2, iter=      12, score=101402.207
[1.0007] [preopt] shared best: worker=2, iter=      12, score=101402.207
[1.0005] [preopt]  local best: worker=3, iter=       6, score=101402.486
[1.0006] [preopt]  local best: worker=1, iter=      20, score=101401.933
[1.0008] [preopt] shared best: worker=1, iter=      20, score=101401.933
[1.0007] [preopt]  local best: worker=2, iter=      15, score=101402.189
[1.0008] [preopt]  local best: worker=3, iter=       8, score=101402.278
[1.0005] [preopt]  local best: worker=0, iter=      19, score=101401.533
[1.0010] [preopt] shared best: worker=0, iter=      19, score=101401.533
[1.0009] [preopt]  local best: worker=2, iter=      18, score=101401.685
[1.0010] [preopt]  local best: worker=3, iter=      10, score=101402.133
[1.0009] [preopt]  local best: worker=1, iter=      24, score=101401.705
[1.0011] [preopt]  local best: worker=0, iter=      22, score=101401.221
[1.0013] [preopt] shared best: worker=0, iter=      22, score=101401.221
[1.0012] [preopt]  local best: worker=3, iter=      52, score=101401.892
[1.0013] [preopt]  local best: worker=1, iter=      28, score=101400.887
[1.0014] [preopt] shared best: worker=1, iter=      28, score=101400.887
[1.0014] [preopt]  local best: worker=0, iter=      35, score=101401.182
[1.0014] [preopt]  local best: worker=3, iter=      77, score=101401.696
[1.0012] [preopt]  local best: worker=2, iter=      34, score=101400.850
[1.0016] [preopt]  local best: worker=3, iter=     132, score=101400.599
[1.0016] [preopt] shared best: worker=3, iter=     132, score=101400.599
[1.0016] [preopt] shared best: worker=2, iter=      34, score=101400.850
[1.0015] [preopt]  local best: worker=1, iter=      39, score=101400.574
[1.0017] [preopt] shared best: worker=1, iter=      39, score=101400.574
[1.0017] [preopt]  local best: worker=3, iter=     143, score=101400.564
[1.0018] [preopt] shared best: worker=3, iter=     143, score=101400.564
[1.0015] [preopt]  local best: worker=0, iter=      39, score=101400.639
[1.0017] [preopt]  local best: worker=2, iter=      48, score=101400.575
[1.0018] [preopt]  local best: worker=1, iter=     120, score=101399.680
[1.0020] [preopt] shared best: worker=1, iter=     120, score=101399.680
[1.0020] [preopt]  local best: worker=2, iter=      64, score=101400.573
[1.0021] [preopt]  local best: worker=3, iter=     445, score=101400.321
[1.0020] [preopt]  local best: worker=1, iter=     137, score=101399.660
[1.0021] [preopt] shared best: worker=1, iter=     137, score=101399.660
[1.0021] [preopt]  local best: worker=2, iter=      72, score=101400.568
[1.0022] [preopt]  local best: worker=2, iter=      75, score=101400.563
[1.0019] [preopt]  local best: worker=0, iter=      44, score=101399.297
[1.0023] [preopt] shared best: worker=0, iter=      44, score=101399.297
[1.0022] [preopt]  local best: worker=1, iter=     249, score=101398.993
[1.0024] [preopt] shared best: worker=1, iter=     249, score=101398.993
[1.0021] [preopt]  local best: worker=3, iter=     450, score=101399.490
[1.0024] [preopt]  local best: worker=3, iter=     451, score=101399.210
[1.0022] [preopt]  local best: worker=2, iter=      79, score=101400.432
[1.0023] [preopt]  local best: worker=0, iter=      72, score=101399.138
[1.0026] [preopt]  local best: worker=1, iter=     519, score=89125.213
[1.0026] [preopt] shared best: worker=1, iter=     519, score=89125.213
[1.0026] [preopt]  local best: worker=0, iter=      75, score=101398.071
[1.0025] [preopt]  local best: worker=3, iter=     489, score=101399.034
[1.0025] [preopt]  local best: worker=2, iter=      97, score=101400.401
[1.0026] [preopt]  local best: worker=1, iter=     526, score=89125.205
[1.0028] [preopt] shared best: worker=1, iter=     526, score=89125.205
[1.0027] [preopt]  local best: worker=3, iter=     492, score=101398.572
[1.0028] [preopt]  local best: worker=2, iter=     103, score=101400.005
[1.0029] [preopt]  local best: worker=2, iter=     106, score=101399.371
[1.0028] [preopt]  local best: worker=1, iter=     549, score=89123.326
[1.0030] [preopt] shared best: worker=1, iter=     549, score=89123.326
[1.0027] [preopt]  local best: worker=0, iter=      77, score=101397.846
[1.0029] [preopt]  local best: worker=2, iter=     113, score=101399.365
[1.0029] [preopt]  local best: worker=3, iter=     559, score=101398.465
[1.0031] [preopt]  local best: worker=3, iter=     569, score=101398.418
[1.0031] [preopt]  local best: worker=0, iter=      81, score=101397.841
[1.0032] [preopt]  local best: worker=0, iter=      88, score=101397.341
[1.0033] [preopt]  local best: worker=2, iter=     384, score=96773.779
[1.0033] [preopt]  local best: worker=2, iter=     385, score=96773.675
[1.0033] [preopt]  local best: worker=2, iter=     386, score=96773.673
[1.0034] [preopt]  local best: worker=2, iter=     387, score=96773.664
[1.0033] [preopt]  local best: worker=0, iter=      93, score=101397.305
[1.0030] [preopt]  local best: worker=1, iter=     565, score=89121.775
[1.0035] [preopt] shared best: worker=1, iter=     565, score=89121.775
[1.0034] [preopt]  local best: worker=2, iter=     413, score=96773.659
[1.0035] [preopt]  local best: worker=0, iter=      94, score=101397.254
[1.0033] [preopt]  local best: worker=3, iter=     725, score=101398.042
[1.0035] [preopt]  local best: worker=1, iter=     571, score=89121.612
[1.0037] [preopt] shared best: worker=1, iter=     571, score=89121.612
[1.0036] [preopt]  local best: worker=0, iter=      97, score=101397.247
[1.0036] [preopt]  local best: worker=3, iter=     728, score=101398.038
[1.0036] [preopt]  local best: worker=2, iter=     414, score=96773.516
[1.0038] [preopt]  local best: worker=2, iter=     415, score=96773.228
[1.0037] [preopt]  local best: worker=0, iter=      99, score=101396.908
[1.0038] [preopt]  local best: worker=3, iter=     785, score=101397.392
[1.0037] [preopt]  local best: worker=1, iter=     576, score=89121.437
[1.0040] [preopt] shared best: worker=1, iter=     576, score=89121.437
[1.0039] [preopt]  local best: worker=0, iter=     145, score=101396.090
[1.0039] [preopt]  local best: worker=3, iter=     795, score=101397.355
[1.0039] [preopt]  local best: worker=2, iter=     436, score=96773.056
[1.0041] [preopt]  local best: worker=2, iter=     437, score=96773.005
[1.0040] [preopt]  local best: worker=0, iter=     158, score=101396.078
[1.0041] [preopt]  local best: worker=3, iter=     796, score=101397.351
[1.0042] [preopt]  local best: worker=3, iter=     797, score=101397.237
[1.0041] [preopt]  local best: worker=2, iter=     441, score=96772.957
[1.0042] [preopt]  local best: worker=0, iter=     220, score=101396.030
[1.0040] [preopt]  local best: worker=1, iter=     584, score=89121.204
[1.0044] [preopt] shared best: worker=1, iter=     584, score=89121.204
[1.0043] [preopt]  local best: worker=2, iter=     450, score=96772.856
[1.0043] [preopt]  local best: worker=0, iter=     221, score=101395.392
[1.0042] [preopt]  local best: worker=3, iter=     805, score=101397.002
[1.0044] [preopt]  local best: worker=1, iter=     593, score=89121.062
[1.0045] [preopt] shared best: worker=1, iter=     593, score=89121.062
[1.0045] [preopt]  local best: worker=0, iter=     230, score=101395.377
[1.0045] [preopt]  local best: worker=3, iter=     824, score=101396.851
[1.0044] [preopt]  local best: worker=2, iter=     457, score=95154.658
[1.0046] [preopt]  local best: worker=1, iter=     614, score=89120.990
[1.0047] [preopt] shared best: worker=1, iter=     614, score=89120.990
[1.0046] [preopt]  local best: worker=3, iter=     845, score=101396.817
[1.0048] [preopt]  local best: worker=3, iter=     859, score=101395.641
[1.0046] [preopt]  local best: worker=0, iter=     236, score=101395.347
[1.0047] [preopt]  local best: worker=2, iter=     466, score=95154.616
[1.0049] [preopt]  local best: worker=1, iter=     774, score=87505.414
[1.0050] [preopt] shared best: worker=1, iter=     774, score=87505.414
[1.0049] [preopt]  local best: worker=0, iter=     240, score=101395.244
[1.0050] [preopt]  local best: worker=2, iter=     479, score=95154.613
[1.0049] [preopt]  local best: worker=3, iter=     892, score=95021.574
[1.0051] [preopt]  local best: worker=1, iter=     817, score=87505.241
[1.0052] [preopt] shared best: worker=1, iter=     817, score=87505.241
[1.0051] [preopt]  local best: worker=2, iter=     480, score=95152.798
[1.0052] [preopt]  local best: worker=3, iter=     899, score=95021.358
[1.0051] [preopt]  local best: worker=0, iter=     241, score=101395.216
[1.0052] [preopt]  local best: worker=1, iter=     837, score=87504.998
[1.0054] [preopt] shared best: worker=1, iter=     837, score=87504.998
[1.0053] [preopt]  local best: worker=3, iter=     922, score=95021.031
[1.0053] [preopt]  local best: worker=0, iter=     252, score=101395.203
[1.0053] [preopt]  local best: worker=2, iter=     488, score=95152.626
[1.0054] [preopt]  local best: worker=1, iter=     838, score=87504.849
[1.0055] [preopt] shared best: worker=1, iter=     838, score=87504.849
[1.0055] [preopt]  local best: worker=0, iter=     255, score=101394.724
[1.0055] [preopt]  local best: worker=2, iter=     505, score=95151.848
[1.0054] [preopt]  local best: worker=3, iter=     928, score=95019.328
[1.0056] [preopt]  local best: worker=1, iter=     844, score=87504.848
[1.0057] [preopt] shared best: worker=1, iter=     844, score=87504.848
[1.0057] [preopt]  local best: worker=3, iter=     959, score=95018.473
[1.0058] [preopt]  local best: worker=3, iter=     966, score=95018.358
[1.0059] [preopt]  local best: worker=3, iter=     973, score=95018.141
[1.0059] [preopt]  local best: worker=3, iter=     974, score=95017.618
[1.0060] [preopt]  local best: worker=3, iter=     984, score=95017.590
[1.0057] [preopt]  local best: worker=0, iter=     357, score=101393.091
[1.0060] [preopt]  local best: worker=0, iter=     359, score=101393.083
[1.0061] [preopt]  local best: worker=1, iter=    1361, score=80839.137
[1.0061] [preopt] shared best: worker=1, iter=    1361, score=80839.137
[1.0058] [preopt]  local best: worker=2, iter=     693, score=81818.446
[1.0062] [preopt]  local best: worker=2, iter=     698, score=81818.444
[1.0063] [preopt]  local best: worker=2, iter=     717, score=81817.429
[1.0063] [preopt]  local best: worker=2, iter=     723, score=81817.277
[1.0064] [preopt]  local best: worker=2, iter=     728, score=81817.093
[1.0063] [preopt]  local best: worker=3, iter=    1452, score=95017.570
[1.0063] [preopt]  local best: worker=1, iter=    1531, score=80838.845
[1.0065] [preopt] shared best: worker=1, iter=    1531, score=80838.845
[1.0064] [preopt]  local best: worker=3, iter=    1460, score=95017.382
[1.0061] [preopt]  local best: worker=0, iter=     396, score=101042.308
[1.0066] [preopt]  local best: worker=3, iter=    1517, score=81135.756
[1.0066] [preopt]  local best: worker=0, iter=     397, score=101041.318
[1.0065] [preopt]  local best: worker=1, iter=    1540, score=80838.671
[1.0067] [preopt]  local best: worker=0, iter=     451, score=94375.156
[1.0066] [preopt]  local best: worker=2, iter=    1130, score=76770.188
[1.0067] [preopt] shared best: worker=1, iter=    1540, score=80838.671
[1.0066] [preopt]  local best: worker=3, iter=    1524, score=74468.755
[1.0068] [preopt] shared best: worker=3, iter=    1524, score=74468.755
[1.0068] [preopt] shared best: worker=2, iter=    1130, score=76770.188
[1.0069] [preopt]  local best: worker=2, iter=    1139, score=76769.490
[1.0067] [preopt]  local best: worker=0, iter=     458, score=94374.901
[1.0070] [preopt]  local best: worker=0, iter=     467, score=87708.761
[1.0070] [preopt]  local best: worker=3, iter=    1668, score=69278.103
[1.0071] [preopt] shared best: worker=3, iter=    1668, score=69278.103
[1.0070] [preopt]  local best: worker=2, iter=    1228, score=70647.605
[1.0071] [preopt]  local best: worker=0, iter=     477, score=87708.175
[1.0068] [preopt]  local best: worker=1, iter=    1551, score=80838.076
[1.0073] [preopt]  local best: worker=1, iter=    1560, score=80837.596
[1.0073] [preopt]  local best: worker=1, iter=    1573, score=80837.588
[1.0072] [preopt]  local best: worker=3, iter=    1673, score=69278.078
[1.0074] [preopt] shared best: worker=3, iter=    1673, score=69278.078
[1.0074] [preopt]  local best: worker=3, iter=    1674, score=69276.804
[1.0075] [preopt] shared best: worker=3, iter=    1674, score=69276.804
[1.0072] [preopt]  local best: worker=2, iter=    1234, score=70646.999
[1.0074] [preopt]  local best: worker=0, iter=     664, score=81042.244
[1.0074] [preopt]  local best: worker=1, iter=    1641, score=80837.490
[1.0075] [preopt]  local best: worker=3, iter=    1682, score=69276.783
[1.0076] [preopt] shared best: worker=3, iter=    1682, score=69276.783
[1.0076] [preopt]  local best: worker=0, iter=     668, score=81042.227
[1.0076] [preopt]  local best: worker=1, iter=    1644, score=80837.483
[1.0075] [preopt]  local best: worker=2, iter=    1238, score=70646.182
[1.0078] [preopt]  local best: worker=2, iter=    1239, score=70646.110
[1.0077] [preopt]  local best: worker=0, iter=     689, score=81041.766
[1.0079] [preopt]  local best: worker=0, iter=     693, score=81041.749
[1.0079] [preopt]  local best: worker=0, iter=     699, score=81041.350
[1.0080] [preopt]  local best: worker=0, iter=     700, score=81041.179
[1.0080] [preopt]  local best: worker=0, iter=     704, score=81041.068
[1.0080] [preopt]  local best: worker=0, iter=     707, score=81040.791
[1.0081] [preopt]  local best: worker=0, iter=     708, score=81040.780
[1.0081] [preopt]  local best: worker=0, iter=     710, score=81040.473
[1.0081] [preopt]  local best: worker=2, iter=    1734, score=70645.125
[1.0078] [preopt]  local best: worker=1, iter=    1645, score=80836.336
[1.0082] [preopt]  local best: worker=1, iter=    1646, score=80836.226
[1.0082] [preopt]  local best: worker=0, iter=     727, score=81039.947
[1.0077] [preopt]  local best: worker=3, iter=    1687, score=67803.014
[1.0083] [preopt] shared best: worker=3, iter=    1687, score=67803.014
[1.0083] [preopt]  local best: worker=0, iter=     748, score=81039.821
[1.0084] [preopt]  local best: worker=0, iter=     753, score=74664.358
[1.0082] [preopt]  local best: worker=2, iter=    1835, score=68774.869
[1.0085] [preopt]  local best: worker=2, iter=    1836, score=68774.863
[1.0086] [preopt]  local best: worker=0, iter=     907, score=74664.324
[1.0086] [preopt]  local best: worker=0, iter=     911, score=74664.311
[1.0086] [preopt]  local best: worker=0, iter=     915, score=74664.252
[1.0086] [preopt]  local best: worker=2, iter=    1879, score=68774.312
[1.0084] [preopt]  local best: worker=3, iter=    1792, score=67802.905
[1.0088] [preopt] shared best: worker=3, iter=    1792, score=67802.905
[1.0088] [preopt]  local best: worker=2, iter=    1907, score=68774.280
[1.0089] [preopt]  local best: worker=2, iter=    1917, score=68774.274
[1.0089] [preopt]  local best: worker=3, iter=    1854, score=67802.741
[1.0090] [preopt] shared best: worker=3, iter=    1854, score=67802.741
[1.0090] [preopt]  local best: worker=3, iter=    1861, score=67802.673
[1.0090] [preopt] shared best: worker=3, iter=    1861, score=67802.673
[1.0091] [preopt]  local best: worker=3, iter=    1867, score=67802.604
[1.0091] [preopt] shared best: worker=3, iter=    1867, score=67802.604
[1.0090] [preopt]  local best: worker=2, iter=    1966, score=68774.135
[1.0092] [preopt]  local best: worker=2, iter=    1968, score=68773.463
[1.0092] [preopt]  local best: worker=3, iter=    1882, score=67801.867
[1.0093] [preopt] shared best: worker=3, iter=    1882, score=67801.867
[1.0093] [preopt]  local best: worker=3, iter=    1883, score=67801.841
[1.0093] [preopt] shared best: worker=3, iter=    1883, score=67801.841
[1.0094] [preopt]  local best: worker=3, iter=    1888, score=67801.819
[1.0094] [preopt] shared best: worker=3, iter=    1888, score=67801.819
[1.0089] [preopt]  local best: worker=0, iter=    1261, score=74664.178
[1.0095] [preopt]  local best: worker=0, iter=    1265, score=74663.817
[1.0095] [preopt]  local best: worker=3, iter=    1913, score=67801.630
[1.0096] [preopt] shared best: worker=3, iter=    1913, score=67801.630
[1.0095] [preopt]  local best: worker=0, iter=    1273, score=74663.784
[1.0097] [preopt]  local best: worker=2, iter=    2645, score=68773.164
[1.0097] [preopt]  local best: worker=3, iter=    2026, score=67801.589
[1.0098] [preopt] shared best: worker=3, iter=    2026, score=67801.589
[1.0098] [preopt]  local best: worker=3, iter=    2027, score=67801.447
[1.0098] [preopt] shared best: worker=3, iter=    2027, score=67801.447
[1.0099] [preopt]  local best: worker=3, iter=    2035, score=67800.570
[1.0099] [preopt] shared best: worker=3, iter=    2035, score=67800.570
[1.0099] [preopt]  local best: worker=1, iter=    4227, score=75435.539
[1.0100] [preopt]  local best: worker=1, iter=    4228, score=75435.527
[1.0099] [preopt]  local best: worker=3, iter=    2037, score=67799.579
[1.0100] [preopt] shared best: worker=3, iter=    2037, score=67799.579
[1.0100] [preopt]  local best: worker=1, iter=    4237, score=75435.524
[1.0101] [preopt]  local best: worker=1, iter=    4242, score=75434.653
[1.0101] [preopt]  local best: worker=1, iter=    4257, score=68769.287
[1.0102] [preopt]  local best: worker=1, iter=    4263, score=68769.247
[1.0097] [preopt]  local best: worker=0, iter=    1351, score=74662.884
[1.0102] [preopt]  local best: worker=1, iter=    4279, score=68768.091
[1.0103] [preopt]  local best: worker=1, iter=    4286, score=68768.086
[1.0104] [preopt]  local best: worker=1, iter=    4305, score=68768.083
[1.0104] [preopt]  local best: worker=1, iter=    4306, score=68768.017
[1.0104] [preopt]  local best: worker=1, iter=    4314, score=68767.990
[1.0105] [preopt]  local best: worker=1, iter=    4323, score=68767.790
[1.0105] [preopt]  local best: worker=1, iter=    4328, score=68767.767
[1.0105] [preopt]  local best: worker=0, iter=    1777, score=67728.487
[1.0106] [preopt] shared best: worker=0, iter=    1777, score=67728.487
[1.0106] [preopt]  local best: worker=3, iter=    2664, score=61134.813
[1.0106] [preopt] shared best: worker=3, iter=    2664, score=61134.813
[1.0106] [preopt]  local best: worker=0, iter=    1781, score=67728.457
[1.0107] [preopt]  local best: worker=3, iter=    2672, score=61134.682
[1.0107] [preopt] shared best: worker=3, iter=    2672, score=61134.682
[1.0107] [preopt]  local best: worker=0, iter=    1785, score=67728.329
[1.0108] [preopt]  local best: worker=3, iter=    2707, score=61134.505
[1.0108] [preopt] shared best: worker=3, iter=    2707, score=61134.505
[1.0107] [preopt]  local best: worker=1, iter=    4582, score=67151.360
[1.0108] [preopt]  local best: worker=0, iter=    1814, score=61061.957
[1.0109] [preopt] shared best: worker=0, iter=    1814, score=61061.957
[1.0109] [preopt]  local best: worker=1, iter=    4587, score=67151.326
[1.0109] [preopt]  local best: worker=3, iter=    2714, score=61134.324
[1.0110] [preopt]  local best: worker=2, iter=    4397, score=61756.085
[1.0110] [preopt]  local best: worker=0, iter=    1832, score=61061.548
[1.0110] [preopt]  local best: worker=1, iter=    4588, score=67151.317
[1.0111] [preopt]  local best: worker=1, iter=    4592, score=67151.140
[1.0112] [preopt]  local best: worker=1, iter=    4594, score=67150.341
[1.0111] [preopt]  local best: worker=2, iter=    4415, score=61754.936
[1.0111] [preopt] shared best: worker=0, iter=    1832, score=61061.548
[1.0113] [preopt]  local best: worker=2, iter=    4467, score=61753.708
[1.0113] [preopt]  local best: worker=0, iter=    1847, score=61061.483
[1.0114] [preopt] shared best: worker=0, iter=    1847, score=61061.483
[1.0114] [preopt]  local best: worker=0, iter=    1848, score=61061.192
[1.0114] [preopt] shared best: worker=0, iter=    1848, score=61061.192
[1.0112] [preopt]  local best: worker=1, iter=    4609, score=67150.048
[1.0113] [preopt]  local best: worker=3, iter=    3203, score=61062.669
[1.0113] [preopt]  local best: worker=2, iter=    4486, score=55089.632
[1.0115] [preopt]  local best: worker=0, iter=    1853, score=54394.627
[1.0116] [preopt] shared best: worker=0, iter=    1853, score=54394.627
[1.0115] [preopt]  local best: worker=3, iter=    3215, score=61062.029
[1.0117] [preopt]  local best: worker=3, iter=    3218, score=54395.379
[1.0115] [preopt]  local best: worker=1, iter=    4611, score=67150.040
[1.0117] [preopt]  local best: worker=1, iter=    4616, score=67150.029
[1.0117] [preopt]  local best: worker=0, iter=    1913, score=54394.602
[1.0118] [preopt] shared best: worker=0, iter=    1913, score=54394.602
[1.0118] [preopt]  local best: worker=0, iter=    1919, score=54394.374
[1.0118] [preopt] shared best: worker=0, iter=    1919, score=54394.374
[1.0116] [preopt] shared best: worker=2, iter=    4486, score=55089.632
[1.0119] [preopt]  local best: worker=2, iter=    4490, score=55089.567
[1.0118] [preopt]  local best: worker=1, iter=    4633, score=67149.301
[1.0117] [preopt]  local best: worker=3, iter=    3325, score=54395.371
[1.0119] [preopt]  local best: worker=0, iter=    2020, score=54394.370
[1.0120] [preopt] shared best: worker=0, iter=    2020, score=54394.370
[1.0120] [preopt]  local best: worker=1, iter=    4640, score=67149.196
[1.0120] [preopt]  local best: worker=3, iter=    3326, score=54395.312
[1.0120] [preopt]  local best: worker=2, iter=    4504, score=55088.599
[1.0121] [preopt]  local best: worker=0, iter=    2029, score=54394.351
[1.0122] [preopt] shared best: worker=0, iter=    2029, score=54394.351
[1.0122] [preopt]  local best: worker=3, iter=    3336, score=54395.176
[1.0123] [preopt]  local best: worker=0, iter=    2079, score=54393.951
[1.0123] [preopt] shared best: worker=0, iter=    2079, score=54393.951
[1.0121] [preopt]  local best: worker=1, iter=    4642, score=67149.169
[1.0124] [preopt]  local best: worker=1, iter=    4659, score=67149.145
[1.0124] [preopt]  local best: worker=1, iter=    4660, score=67148.746
[1.0125] [preopt]  local best: worker=1, iter=    4667, score=67148.121
[1.0123] [preopt]  local best: worker=3, iter=    3352, score=54393.479
[1.0125] [preopt] shared best: worker=3, iter=    3352, score=54393.479
[1.0126] [preopt]  local best: worker=3, iter=    3355, score=54393.327
[1.0126] [preopt] shared best: worker=3, iter=    3355, score=54393.327
[1.0126] [preopt]  local best: worker=3, iter=    3360, score=54393.093
[1.0127] [preopt] shared best: worker=3, iter=    3360, score=54393.093
[1.0127] [preopt]  local best: worker=3, iter=    3367, score=54393.029
[1.0127] [preopt] shared best: worker=3, iter=    3367, score=54393.029
[1.0128] [preopt]  local best: worker=3, iter=    3390, score=54392.840
[1.0125] [preopt]  local best: worker=1, iter=    4680, score=67148.113
[1.0128] [preopt]  local best: worker=1, iter=    4699, score=67148.107
[1.0128] [preopt] shared best: worker=3, iter=    3390, score=54392.840
[1.0129] [preopt]  local best: worker=3, iter=    3395, score=54392.817
[1.0130] [preopt] shared best: worker=3, iter=    3395, score=54392.817
[1.0130] [preopt]  local best: worker=0, iter=    3009, score=54393.937
[1.0130] [preopt]  local best: worker=0, iter=    3014, score=54393.916
[1.0131] [preopt]  local best: worker=0, iter=    3038, score=54393.773
[1.0129] [preopt]  local best: worker=1, iter=    4736, score=60482.720
[1.0132] [preopt]  local best: worker=1, iter=    4740, score=60482.685
[1.0132] [preopt]  local best: worker=1, iter=    4743, score=60482.667
[1.0133] [preopt]  local best: worker=1, iter=    4744, score=60482.433
[1.0132] [preopt]  local best: worker=3, iter=    3829, score=44840.167
[1.0133] [preopt] shared best: worker=3, iter=    3829, score=44840.167
[1.0133] [preopt]  local best: worker=1, iter=    4750, score=51214.906
[1.0132] [preopt]  local best: worker=0, iter=    3084, score=44839.639
[1.0134] [preopt] shared best: worker=0, iter=    3084, score=44839.639
[1.0135] [preopt]  local best: worker=0, iter=    3091, score=44839.051
[1.0135] [preopt] shared best: worker=0, iter=    3091, score=44839.051
[1.0135] [preopt]  local best: worker=0, iter=    3093, score=44838.945
[1.0136] [preopt] shared best: worker=0, iter=    3093, score=44838.945
[1.0136] [preopt]  local best: worker=0, iter=    3096, score=44838.868
[1.0136] [preopt] shared best: worker=0, iter=    3096, score=44838.868
[1.0137] [preopt]  local best: worker=0, iter=    3099, score=44837.641
[1.0137] [preopt] shared best: worker=0, iter=    3099, score=44837.641
[1.0138] [preopt]  local best: worker=0, iter=    3115, score=44837.178
[1.0138] [preopt] shared best: worker=0, iter=    3115, score=44837.178
[1.0136] [preopt]  local best: worker=1, iter=    5114, score=51214.387
[1.0134] [preopt]  local best: worker=3, iter=    3839, score=44840.124
[1.0139] [preopt]  local best: worker=3, iter=    3840, score=44840.037
[1.0140] [preopt]  local best: worker=3, iter=    3841, score=44840.000
[1.0139] [preopt]  local best: worker=1, iter=    5140, score=51214.083
[1.0140] [preopt]  local best: worker=3, iter=    3853, score=44839.944
[1.0141] [preopt]  local best: worker=1, iter=    5217, score=51214.040
[1.0141] [preopt]  local best: worker=1, iter=    5225, score=51212.807
[1.0142] [preopt]  local best: worker=3, iter=    4136, score=44839.707
[1.0143] [preopt]  local best: worker=3, iter=    4150, score=44839.691
[1.0143] [preopt]  local best: worker=3, iter=    4155, score=44839.531
[1.0144] [preopt]  local best: worker=3, iter=    4162, score=44839.474
[1.0145] [preopt]  local best: worker=3, iter=    4406, score=44839.196
[1.0146] [preopt]  local best: worker=3, iter=    4415, score=44838.951
[1.0146] [preopt]  local best: worker=3, iter=    4418, score=44838.907
[1.0161] [preopt]  local best: worker=3, iter=    6942, score=39537.092
[1.0162] [preopt] shared best: worker=3, iter=    6942, score=39537.092
[1.0167] [preopt]  local best: worker=1, iter=    8197, score=44841.658
[1.0167] [preopt]  local best: worker=1, iter=    8199, score=44841.511
[1.0168] [preopt]  local best: worker=1, iter=    8201, score=44841.485
[1.0168] [preopt]  local best: worker=1, iter=    8206, score=44841.169
[1.0168] [preopt]  local best: worker=1, iter=    8211, score=44839.632
[1.0169] [preopt]  local best: worker=1, iter=    8217, score=44839.614
[1.0169] [preopt]  local best: worker=1, iter=    8225, score=44839.350
[1.0170] [preopt]  local best: worker=1, iter=    8270, score=44839.328
[1.0170] [preopt]  local best: worker=1, iter=    8276, score=44839.318
[1.0171] [preopt]  local best: worker=1, iter=    8297, score=44838.786
[1.0171] [preopt]  local best: worker=1, iter=    8309, score=44838.727
[1.0172] [preopt]  local best: worker=3, iter=    8597, score=38563.386
[1.0172] [preopt] shared best: worker=3, iter=    8597, score=38563.386
[1.0173] [preopt]  local best: worker=3, iter=    8616, score=38563.269
[1.0173] [preopt] shared best: worker=3, iter=    8616, score=38563.269
[1.0173] [preopt]  local best: worker=3, iter=    8617, score=38563.253
[1.0174] [preopt] shared best: worker=3, iter=    8617, score=38563.253
[1.0174] [preopt]  local best: worker=3, iter=    8622, score=38562.255
[1.0174] [preopt] shared best: worker=3, iter=    8622, score=38562.255
[1.0174] [preopt]  local best: worker=3, iter=    8634, score=38562.244
[1.0175] [preopt] shared best: worker=3, iter=    8634, score=38562.244
[1.0175] [preopt]  local best: worker=3, iter=    8638, score=38561.810
[1.0175] [preopt] shared best: worker=3, iter=    8638, score=38561.810
[1.0176] [preopt]  local best: worker=3, iter=    8641, score=38561.751
[1.0176] [preopt] shared best: worker=3, iter=    8641, score=38561.751
[1.0176] [preopt]  local best: worker=3, iter=    8649, score=38561.725
[1.0177] [preopt] shared best: worker=3, iter=    8649, score=38561.725
[1.0177] [preopt]  local best: worker=3, iter=    8651, score=38561.346
[1.0177] [preopt] shared best: worker=3, iter=    8651, score=38561.346
[1.0178] [preopt]  local best: worker=3, iter=    8667, score=38561.333
[1.0178] [preopt] shared best: worker=3, iter=    8667, score=38561.333
[1.0178] [preopt]  local best: worker=3, iter=    8668, score=38561.160
[1.0179] [preopt] shared best: worker=3, iter=    8668, score=38561.160
[1.0177] [preopt]  local best: worker=1, iter=    9050, score=44838.606
[1.0180] [preopt]  local best: worker=1, iter=    9060, score=44837.900
[1.0180] [preopt]  local best: worker=1, iter=    9063, score=44837.875
[1.0175] [preopt]  local best: worker=0, iter=    7433, score=44836.837
[1.0181] [preopt]  local best: worker=0, iter=    7442, score=44836.814
[1.0179] [preopt]  local best: worker=3, iter=    8716, score=38561.094
[1.0181] [preopt] shared best: worker=3, iter=    8716, score=38561.094
[1.0181] [preopt]  local best: worker=0, iter=    7446, score=44836.745
[1.0183] [preopt]  local best: worker=0, iter=    7450, score=44836.616
[1.0182] [preopt]  local best: worker=1, iter=    9382, score=44837.480
[1.0187] [preopt]  local best: worker=1, iter=    9808, score=44836.715
[1.0187] [preopt]  local best: worker=1, iter=    9810, score=44836.691
[1.0197] [preopt]  local best: worker=3, iter=   10385, score=38560.716
[1.0197] [preopt] shared best: worker=3, iter=   10385, score=38560.716
[1.0199] [preopt]  local best: worker=3, iter=   10566, score=38560.189
[1.0199] [preopt] shared best: worker=3, iter=   10566, score=38560.189
[1.0200] [preopt]  local best: worker=3, iter=   10596, score=38560.044
[1.0200] [preopt] shared best: worker=3, iter=   10596, score=38560.044
[1.0208] [preopt]  local best: worker=3, iter=   11428, score=36665.556
[1.0208] [preopt] shared best: worker=3, iter=   11428, score=36665.556
[1.0208] [preopt]  local best: worker=3, iter=   11450, score=36665.553
[1.0209] [preopt] shared best: worker=3, iter=   11450, score=36665.553
[1.0209] [preopt]  local best: worker=3, iter=   11463, score=36665.527
[1.0209] [preopt] shared best: worker=3, iter=   11463, score=36665.527
[1.0210] [preopt]  local best: worker=3, iter=   11466, score=36665.430
[1.0210] [preopt] shared best: worker=3, iter=   11466, score=36665.430
[1.0210] [preopt]  local best: worker=3, iter=   11475, score=36664.277
[1.0211] [preopt] shared best: worker=3, iter=   11475, score=36664.277
[1.0213] [preopt]  local best: worker=1, iter=   13936, score=44836.649
[1.0213] [preopt]  local best: worker=1, iter=   13955, score=44836.297
[1.0216] [preopt]  local best: worker=0, iter=   11578, score=41968.946
[1.0216] [preopt]  local best: worker=0, iter=   11579, score=41968.850
[1.0217] [preopt]  local best: worker=0, iter=   11580, score=41968.788
[1.0217] [preopt]  local best: worker=0, iter=   11584, score=41968.753
[1.0217] [preopt]  local best: worker=0, iter=   11599, score=41968.671
[1.0218] [preopt]  local best: worker=0, iter=   11608, score=41968.605
[1.0218] [preopt]  local best: worker=0, iter=   11609, score=41968.599
[1.0218] [preopt]  local best: worker=0, iter=   11611, score=41968.583
[1.0218] [preopt]  local best: worker=0, iter=   11620, score=41968.543
[1.0219] [preopt]  local best: worker=0, iter=   11628, score=41968.538
[1.0219] [preopt]  local best: worker=0, iter=   11630, score=41968.458
[1.0219] [preopt]  local best: worker=0, iter=   11634, score=41967.997
[1.0220] [preopt]  local best: worker=0, iter=   11727, score=41967.099
[1.0222] [preopt]  local best: worker=0, iter=   11828, score=41966.784
[1.0222] [preopt]  local best: worker=0, iter=   11830, score=41966.764
[1.0222] [preopt]  local best: worker=0, iter=   11838, score=41966.757
[1.0224] [preopt]  local best: worker=3, iter=   13044, score=35691.285
[1.0224] [preopt] shared best: worker=3, iter=   13044, score=35691.285
[1.0224] [preopt]  local best: worker=3, iter=   13071, score=35690.844
[1.0225] [preopt] shared best: worker=3, iter=   13071, score=35690.844
[1.0225] [preopt]  local best: worker=3, iter=   13122, score=35690.824
[1.0226] [preopt] shared best: worker=3, iter=   13122, score=35690.824
[1.0226] [preopt]  local best: worker=3, iter=   13131, score=35690.707
[1.0226] [preopt] shared best: worker=3, iter=   13131, score=35690.707
[1.0231] [preopt]  local best: worker=0, iter=   12986, score=40995.516
[1.0232] [preopt]  local best: worker=0, iter=   13012, score=40994.507
[1.0232] [preopt]  local best: worker=0, iter=   13014, score=40994.487
[1.0232] [preopt]  local best: worker=0, iter=   13019, score=40994.456
[1.0233] [preopt]  local best: worker=0, iter=   13021, score=40994.408
[1.0233] [preopt]  local best: worker=3, iter=   13887, score=35689.770
[1.0234] [preopt] shared best: worker=3, iter=   13887, score=35689.770
[1.0234] [preopt]  local best: worker=3, iter=   13892, score=35689.671
[1.0234] [preopt] shared best: worker=3, iter=   13892, score=35689.671
[1.0235] [preopt]  local best: worker=3, iter=   13896, score=35689.548
[1.0235] [preopt] shared best: worker=3, iter=   13896, score=35689.548
[1.0237] [preopt]  local best: worker=0, iter=   13544, score=40994.138
[1.0237] [preopt]  local best: worker=0, iter=   13557, score=40994.133
[1.0238] [preopt]  local best: worker=0, iter=   13574, score=40994.118
[1.0239] [preopt]  local best: worker=0, iter=   13730, score=40993.064
[1.0239] [preopt]  local best: worker=0, iter=   13731, score=40992.773
[1.0240] [preopt]  local best: worker=0, iter=   13733, score=40992.333
[1.0240] [preopt]  local best: worker=0, iter=   13736, score=40992.187
[1.0240] [preopt]  local best: worker=0, iter=   13737, score=40992.173
[1.0241] [preopt]  local best: worker=0, iter=   13759, score=40991.392
[1.0241] [preopt]  local best: worker=0, iter=   13761, score=40991.368
[1.0241] [preopt]  local best: worker=0, iter=   13762, score=40991.253
[1.0252] [preopt]  local best: worker=3, iter=   16483, score=34390.212
[1.0252] [preopt] shared best: worker=3, iter=   16483, score=34390.212
[1.0253] [preopt]  local best: worker=3, iter=   16484, score=34390.198
[1.0253] [preopt] shared best: worker=3, iter=   16484, score=34390.198
[1.0253] [preopt]  local best: worker=3, iter=   16489, score=34389.550
[1.0253] [preopt] shared best: worker=3, iter=   16489, score=34389.550
[1.0257] [preopt]  local best: worker=3, iter=   16990, score=34389.403
[1.0257] [preopt] shared best: worker=3, iter=   16990, score=34389.403
[1.0258] [preopt]  local best: worker=3, iter=   17009, score=34389.401
[1.0258] [preopt] shared best: worker=3, iter=   17009, score=34389.401
[1.0258] [preopt]  local best: worker=3, iter=   17018, score=34388.908
[1.0259] [preopt] shared best: worker=3, iter=   17018, score=34388.908
[1.0259] [preopt]  local best: worker=3, iter=   17019, score=34388.895
[1.0259] [preopt] shared best: worker=3, iter=   17019, score=34388.895
[1.0260] [preopt]  local best: worker=3, iter=   17022, score=34388.691
[1.0260] [preopt] shared best: worker=3, iter=   17022, score=34388.691
[1.0260] [preopt]  local best: worker=3, iter=   17029, score=34388.687
[1.0260] [preopt] shared best: worker=3, iter=   17029, score=34388.687
[1.0261] [preopt]  local best: worker=3, iter=   17034, score=34388.674
[1.0261] [preopt] shared best: worker=3, iter=   17034, score=34388.674
[1.0261] [preopt]  local best: worker=3, iter=   17049, score=34388.440
[1.0262] [preopt] shared best: worker=3, iter=   17049, score=34388.440
[1.0262] [preopt]  local best: worker=3, iter=   17088, score=34388.412
[1.0262] [preopt] shared best: worker=3, iter=   17088, score=34388.412
[1.0263] [preopt]  local best: worker=3, iter=   17090, score=34388.408
[1.0263] [preopt] shared best: worker=3, iter=   17090, score=34388.408
[1.0265] [preopt]  local best: worker=3, iter=   17316, score=34387.396
[1.0265] [preopt] shared best: worker=3, iter=   17316, score=34387.396
[1.0265] [preopt]  local best: worker=3, iter=   17321, score=34386.887
[1.0266] [preopt] shared best: worker=3, iter=   17321, score=34386.887
[1.0266] [preopt]  local best: worker=3, iter=   17356, score=34386.629
[1.0266] [preopt] shared best: worker=3, iter=   17356, score=34386.629
[1.0267] [preopt]  local best: worker=3, iter=   17395, score=34386.463
[1.0267] [preopt] shared best: worker=3, iter=   17395, score=34386.463
[1.0268] [preopt]  local best: worker=3, iter=   17405, score=34386.456
[1.0268] [preopt] shared best: worker=3, iter=   17405, score=34386.456
[1.0268] [preopt]  local best: worker=3, iter=   17411, score=34386.404
[1.0268] [preopt] shared best: worker=3, iter=   17411, score=34386.404
[1.0269] [preopt]  local best: worker=3, iter=   17416, score=34386.362
[1.0269] [preopt] shared best: worker=3, iter=   17416, score=34386.362
[1.0269] [preopt]  local best: worker=3, iter=   17421, score=34385.988
[1.0270] [preopt] shared best: worker=3, iter=   17421, score=34385.988
[1.0270] [preopt]  local best: worker=3, iter=   17452, score=34385.649
[1.0270] [preopt] shared best: worker=3, iter=   17452, score=34385.649
[1.0271] [preopt]  local best: worker=3, iter=   17455, score=34385.598
[1.0271] [preopt] shared best: worker=3, iter=   17455, score=34385.598
[1.0292] [preopt]  local best: worker=1, iter=   25897, score=43888.964
[1.0292] [preopt]  local best: worker=1, iter=   25902, score=43888.154
[1.0293] [preopt]  local best: worker=1, iter=   25908, score=43888.080
[1.0293] [preopt]  local best: worker=1, iter=   25909, score=43887.974
[1.0293] [preopt]  local best: worker=1, iter=   25912, score=43887.965
[1.0294] [preopt]  local best: worker=1, iter=   25935, score=43887.809
[1.0294] [preopt]  local best: worker=1, iter=   26012, score=43887.598
[1.0295] [preopt]  local best: worker=1, iter=   26014, score=43887.516
[1.0295] [preopt]  local best: worker=1, iter=   26015, score=43887.510
[1.0295] [preopt]  local best: worker=1, iter=   26018, score=43887.505
[1.0297] [preopt]  local best: worker=1, iter=   26181, score=43886.512
[1.0297] [preopt]  local best: worker=1, iter=   26183, score=43886.496
[1.0297] [preopt]  local best: worker=1, iter=   26192, score=43886.215
[1.0298] [preopt]  local best: worker=1, iter=   26299, score=43884.661
[1.0299] [preopt]  local best: worker=1, iter=   26322, score=43884.309
[1.0300] [preopt]  local best: worker=1, iter=   26468, score=43883.435
[1.0300] [preopt]  local best: worker=1, iter=   26478, score=43883.424
[1.0300] [preopt]  local best: worker=1, iter=   26479, score=43883.390
[1.0301] [preopt]  local best: worker=1, iter=   26574, score=43883.291
[1.0302] [preopt]  local best: worker=1, iter=   26580, score=43883.016
[1.0302] [preopt]  local best: worker=1, iter=   26584, score=38232.987
[1.0302] [preopt]  local best: worker=1, iter=   26588, score=38232.930
[1.0303] [preopt]  local best: worker=1, iter=   26617, score=38232.856
[1.0303] [preopt]  local best: worker=1, iter=   26618, score=38232.833
[1.0303] [preopt]  local best: worker=0, iter=   22595, score=34392.501
[1.0303] [preopt]  local best: worker=1, iter=   26629, score=38232.752
[1.0304] [preopt]  local best: worker=0, iter=   22623, score=34391.533
[1.0304] [preopt]  local best: worker=1, iter=   26636, score=38232.734
[1.0304] [preopt]  local best: worker=0, iter=   22630, score=34391.523
[1.0305] [preopt]  local best: worker=0, iter=   22631, score=34391.522
[1.0304] [preopt]  local best: worker=1, iter=   26639, score=38231.933
[1.0305] [preopt]  local best: worker=0, iter=   22639, score=34391.255
[1.0306] [preopt]  local best: worker=0, iter=   22653, score=34390.931
[1.0306] [preopt]  local best: worker=0, iter=   22656, score=34390.919
[1.0306] [preopt]  local best: worker=0, iter=   22689, score=34390.198
[1.0307] [preopt]  local best: worker=0, iter=   22692, score=34390.031
[1.0307] [preopt]  local best: worker=0, iter=   22694, score=34389.589
[1.0307] [preopt]  local best: worker=0, iter=   22702, score=34389.586
[1.0307] [preopt]  local best: worker=0, iter=   22709, score=34389.536
[1.0308] [preopt]  local best: worker=0, iter=   22721, score=34389.153
[1.0308] [preopt]  local best: worker=0, iter=   22723, score=34389.111
[1.0308] [preopt]  local best: worker=0, iter=   22734, score=34389.073
[1.0309] [preopt]  local best: worker=0, iter=   22747, score=34388.966
[1.0309] [preopt]  local best: worker=0, iter=   22755, score=34388.764
[1.0309] [preopt]  local best: worker=0, iter=   22760, score=34388.128
[1.0314] [preopt]  local best: worker=0, iter=   23437, score=34387.761
[1.0316] [preopt]  local best: worker=0, iter=   23713, score=34387.095
[1.0317] [preopt]  local best: worker=0, iter=   23734, score=34386.961
[1.0317] [preopt]  local best: worker=0, iter=   23737, score=34386.864
[1.0317] [preopt]  local best: worker=0, iter=   23739, score=34386.789
[1.0317] [preopt]  local best: worker=0, iter=   23742, score=34386.749
[1.0318] [preopt]  local best: worker=0, iter=   23756, score=34386.364
[1.0318] [preopt]  local best: worker=0, iter=   23784, score=34385.899
[1.0319] [preopt]  local best: worker=0, iter=   23791, score=34385.746
[1.0319] [preopt]  local best: worker=0, iter=   23828, score=34385.725
[1.0320] [preopt]  local best: worker=0, iter=   23832, score=34385.706
[1.0334] [preopt]  local best: worker=0, iter=   25467, score=34385.351
[1.0334] [preopt] shared best: worker=0, iter=   25467, score=34385.351
[1.0335] [preopt]  local best: worker=0, iter=   25469, score=34385.348
[1.0335] [preopt] shared best: worker=0, iter=   25469, score=34385.348
[1.0335] [preopt]  local best: worker=0, iter=   25477, score=34385.199
[1.0336] [preopt] shared best: worker=0, iter=   25477, score=34385.199
[1.0336] [preopt]  local best: worker=0, iter=   25514, score=34384.885
[1.0336] [preopt] shared best: worker=0, iter=   25514, score=34384.885
[1.0337] [preopt]  local best: worker=0, iter=   25521, score=34384.803
[1.0337] [preopt] shared best: worker=0, iter=   25521, score=34384.803
[1.0342] [preopt]  local best: worker=2, iter=   38794, score=54022.580
[1.0343] [preopt]  local best: worker=2, iter=   38807, score=54022.563
[1.0343] [preopt]  local best: worker=2, iter=   38821, score=54021.229
[1.0346] [preopt]  local best: worker=2, iter=   39186, score=54020.044
[1.0346] [preopt]  local best: worker=2, iter=   39196, score=54020.011
[1.0347] [preopt]  local best: worker=2, iter=   39238, score=54020.008
[1.0347] [preopt]  local best: worker=2, iter=   39255, score=54019.990
[1.0348] [preopt]  local best: worker=2, iter=   39264, score=54019.989
[1.0350] [preopt]  local best: worker=2, iter=   39622, score=54019.722
[1.0350] [preopt]  local best: worker=2, iter=   39623, score=54019.714
[1.0351] [preopt]  local best: worker=2, iter=   39627, score=54019.712
[1.0351] [preopt]  local best: worker=2, iter=   39632, score=54019.665
[1.0352] [preopt]  local best: worker=2, iter=   39674, score=54018.855
[1.0354] [preopt]  local best: worker=2, iter=   39931, score=54018.570
[1.0354] [preopt]  local best: worker=2, iter=   39941, score=54018.468
[1.0354] [preopt]  local best: worker=2, iter=   39944, score=54018.199
[1.0355] [preopt]  local best: worker=2, iter=   39945, score=54018.195
[1.0355] [preopt]  local best: worker=2, iter=   39946, score=54018.116
[1.0355] [preopt]  local best: worker=2, iter=   39955, score=54018.061
[1.0384] [preopt]  local best: worker=2, iter=   43662, score=54018.033
[1.0384] [preopt]  local best: worker=2, iter=   43668, score=54017.588
[1.0385] [preopt]  local best: worker=2, iter=   43711, score=54017.527
[1.0385] [preopt]  local best: worker=2, iter=   43712, score=54017.507
[1.0386] [preopt]  local best: worker=2, iter=   43722, score=54017.475
[1.0386] [preopt]  local best: worker=2, iter=   43731, score=54017.465
[1.0386] [preopt]  local best: worker=2, iter=   43743, score=54016.263
[1.0403] [preopt]  local best: worker=1, iter=   42282, score=36665.031
[1.0403] [preopt]  local best: worker=1, iter=   42287, score=36665.019
[1.0404] [preopt]  local best: worker=1, iter=   42483, score=35691.775
[1.0405] [preopt]  local best: worker=1, iter=   42484, score=35691.308
[1.0405] [preopt]  local best: worker=1, iter=   42485, score=35691.051
[1.0406] [preopt]  local best: worker=1, iter=   42496, score=35691.026
[1.0406] [preopt]  local best: worker=1, iter=   42497, score=35689.789
[1.0406] [preopt]  local best: worker=1, iter=   42501, score=35689.772
[1.0407] [preopt]  local best: worker=1, iter=   42523, score=35689.231
[1.0407] [preopt]  local best: worker=1, iter=   42525, score=35689.071
[1.0414] [preopt]  local best: worker=1, iter=   43531, score=35689.045
[1.0414] [preopt]  local best: worker=1, iter=   43533, score=35688.666
[1.0415] [preopt]  local best: worker=1, iter=   43545, score=35688.552
[1.0418] [preopt]  local best: worker=0, iter=   37433, score=34384.738
[1.0418] [preopt] shared best: worker=0, iter=   37433, score=34384.738
[1.0419] [preopt]  local best: worker=0, iter=   37434, score=34384.322
[1.0419] [preopt] shared best: worker=0, iter=   37434, score=34384.322
[1.0441] [preopt]  local best: worker=3, iter=   39812, score=34385.393
[1.0442] [preopt]  local best: worker=3, iter=   39816, score=34385.386
[1.0470] [preopt]  local best: worker=2, iter=   54639, score=46809.951
[1.0471] [preopt]  local best: worker=2, iter=   54652, score=46809.830
[1.0472] [preopt]  local best: worker=2, iter=   54817, score=46809.646
[1.0472] [preopt]  local best: worker=2, iter=   54818, score=46809.536
[1.0473] [preopt]  local best: worker=2, iter=   54820, score=46809.518
[1.0473] [preopt]  local best: worker=2, iter=   54911, score=46809.366
[1.0474] [preopt]  local best: worker=2, iter=   54919, score=46807.638
[1.0474] [preopt]  local best: worker=2, iter=   54925, score=46807.380
[1.0476] [preopt]  local best: worker=2, iter=   55122, score=46807.029
[1.0476] [preopt]  local best: worker=2, iter=   55126, score=46807.024
[1.0477] [preopt]  local best: worker=2, iter=   55222, score=46806.622
[1.0477] [preopt]  local best: worker=2, iter=   55230, score=46806.412
[1.0479] [preopt]  local best: worker=2, iter=   55450, score=46806.279
[1.0479] [preopt]  local best: worker=2, iter=   55457, score=46806.090
[1.0479] [preopt]  local best: worker=2, iter=   55465, score=46805.945
[1.0480] [preopt]  local best: worker=2, iter=   55472, score=46805.859
[1.0480] [preopt]  local best: worker=2, iter=   55483, score=46805.660
[1.0480] [preopt]  local best: worker=2, iter=   55502, score=46805.620
[1.0484] [preopt]  local best: worker=1, iter=   54987, score=34389.611
[1.0484] [preopt]  local best: worker=1, iter=   54988, score=34389.498
[1.0485] [preopt]  local best: worker=1, iter=   54991, score=34389.491
[1.0485] [preopt]  local best: worker=1, iter=   55024, score=34389.397
[1.0486] [preopt]  local best: worker=1, iter=   55059, score=34389.185
[1.0486] [preopt]  local best: worker=1, iter=   55065, score=34389.080
[1.0486] [preopt]  local best: worker=1, iter=   55079, score=34387.305
[1.0487] [preopt]  local best: worker=1, iter=   55081, score=34387.275
[1.0487] [preopt]  local best: worker=1, iter=   55084, score=34386.861
[1.0487] [preopt]  local best: worker=1, iter=   55088, score=34386.655
[1.0486] [preopt]  local best: worker=3, iter=   46179, score=34385.362
[1.0491] [preopt]  local best: worker=1, iter=   55687, score=34386.618
[1.0491] [preopt]  local best: worker=1, iter=   55694, score=34386.526
[1.0492] [preopt]  local best: worker=1, iter=   55695, score=34386.511
[1.0492] [preopt]  local best: worker=1, iter=   55696, score=34386.445
[1.0492] [preopt]  local best: worker=1, iter=   55699, score=34386.264
[1.0492] [preopt]  local best: worker=1, iter=   55700, score=34386.257
[1.0496] [preopt]  local best: worker=2, iter=   57776, score=46805.070
[1.0496] [preopt]  local best: worker=3, iter=   47570, score=34385.233
[1.0497] [preopt]  local best: worker=1, iter=   56405, score=34386.185
[1.0497] [preopt]  local best: worker=1, iter=   56408, score=34386.161
[1.0498] [preopt]  local best: worker=1, iter=   56412, score=34386.136
[1.0498] [preopt]  local best: worker=1, iter=   56415, score=34386.129
[1.0498] [preopt]  local best: worker=1, iter=   56424, score=34386.121
[1.0499] [preopt]  local best: worker=1, iter=   56460, score=34386.001
[1.0497] [preopt]  local best: worker=3, iter=   47573, score=34385.224
[1.0500] [preopt]  local best: worker=3, iter=   47578, score=34385.063
[1.0500] [preopt]  local best: worker=2, iter=   58294, score=45835.933
[1.0501] [preopt]  local best: worker=2, iter=   58299, score=45835.469
[1.0501] [preopt]  local best: worker=2, iter=   58303, score=45835.321
[1.0501] [preopt]  local best: worker=2, iter=   58314, score=45835.165
[1.0501] [preopt]  local best: worker=3, iter=   47665, score=34385.044
[1.0502] [preopt]  local best: worker=3, iter=   47699, score=34384.726
[1.0502] [preopt]  local best: worker=2, iter=   58330, score=45835.165
[1.0503] [preopt]  local best: worker=2, iter=   58342, score=45834.981
[1.0504] [preopt]  local best: worker=2, iter=   58433, score=45834.158
[1.0504] [preopt]  local best: worker=2, iter=   58441, score=45834.082
[1.0504] [preopt]  local best: worker=2, iter=   58442, score=45834.068
[1.0505] [preopt]  local best: worker=2, iter=   58449, score=45834.017
[1.0505] [preopt]  local best: worker=2, iter=   58457, score=45833.363
[1.0505] [preopt]  local best: worker=2, iter=   58468, score=45831.953
[1.0511] [preopt]  local best: worker=2, iter=   59207, score=39228.748
[1.0511] [preopt]  local best: worker=2, iter=   59219, score=39228.700
[1.0512] [preopt]  local best: worker=2, iter=   59280, score=39228.647
[1.0512] [preopt]  local best: worker=2, iter=   59314, score=39228.599
[1.0512] [preopt]  local best: worker=2, iter=   59318, score=39228.508
[1.0512] [preopt]  local best: worker=1, iter=   58192, score=34385.998
[1.0513] [preopt]  local best: worker=1, iter=   58194, score=34385.957
[1.0513] [preopt]  local best: worker=1, iter=   58200, score=34385.780
[1.0513] [preopt]  local best: worker=2, iter=   59326, score=39228.410
[1.0515] [preopt]  local best: worker=2, iter=   59448, score=39228.338
[1.0515] [preopt]  local best: worker=2, iter=   59451, score=39228.267
[1.0516] [preopt]  local best: worker=2, iter=   59452, score=39227.160
[1.0516] [preopt]  local best: worker=2, iter=   59454, score=39227.132
[1.0517] [preopt]  local best: worker=2, iter=   59578, score=39227.123
[1.0517] [preopt]  local best: worker=2, iter=   59579, score=39227.104
[1.0517] [preopt]  local best: worker=2, iter=   59584, score=39227.073
[1.0523] [preopt]  local best: worker=2, iter=   60341, score=39226.956
[1.0524] [preopt]  local best: worker=2, iter=   60415, score=39226.811
[1.0524] [preopt]  local best: worker=2, iter=   60418, score=39226.761
[1.0524] [preopt]  local best: worker=2, iter=   60423, score=39226.727
[1.0528] [preopt]  local best: worker=1, iter=   59817, score=34385.609
[1.0528] [preopt]  local best: worker=1, iter=   59829, score=34385.514
[1.0529] [preopt]  local best: worker=1, iter=   59871, score=34385.334
[1.0529] [preopt]  local best: worker=1, iter=   59883, score=34385.230
[1.0531] [preopt]  local best: worker=1, iter=   60009, score=34383.992
[1.0531] [preopt] shared best: worker=1, iter=   60009, score=34383.992
[1.0533] [preopt]  local best: worker=2, iter=   61775, score=39226.694
[1.0533] [preopt]  local best: worker=2, iter=   61782, score=39226.616
[1.0534] [preopt]  local best: worker=2, iter=   61810, score=39225.407
[1.0536] [preopt]  local best: worker=2, iter=   62168, score=39225.004
[1.0575] [preopt]  local best: worker=3, iter=   57112, score=34384.605
[1.0576] [preopt]  local best: worker=3, iter=   57128, score=34384.545
[1.0608] [preopt]  local best: worker=2, iter=   73594, score=37217.454
[1.0608] [preopt]  local best: worker=2, iter=   73603, score=37217.328
[1.0609] [preopt]  local best: worker=2, iter=   73612, score=37217.250
[1.0609] [preopt]  local best: worker=2, iter=   73620, score=37217.234
[1.0609] [preopt]  local best: worker=2, iter=   73621, score=37216.799
[1.0610] [preopt]  local best: worker=2, iter=   73663, score=37216.697
[1.0610] [preopt]  local best: worker=2, iter=   73664, score=37216.193
[1.0610] [preopt]  local best: worker=2, iter=   73675, score=37216.131
[1.0611] [preopt]  local best: worker=2, iter=   73682, score=37216.125
[1.0611] [preopt]  local best: worker=2, iter=   73700, score=37215.948
[1.0612] [preopt]  local best: worker=2, iter=   73817, score=37215.899
[1.0612] [preopt]  local best: worker=2, iter=   73866, score=36356.471
[1.0613] [preopt]  local best: worker=2, iter=   73914, score=36356.432
[1.0614] [preopt]  local best: worker=2, iter=   74084, score=36355.965
[1.0614] [preopt]  local best: worker=2, iter=   74085, score=36355.890
[1.0615] [preopt]  local best: worker=2, iter=   74093, score=36355.877
[1.0615] [preopt]  local best: worker=2, iter=   74096, score=36355.705
[1.0615] [preopt]  local best: worker=2, iter=   74106, score=36355.694
[1.0616] [preopt]  local best: worker=2, iter=   74125, score=36355.648
[1.0617] [preopt]  local best: worker=2, iter=   74298, score=36354.697
[1.0617] [preopt]  local best: worker=2, iter=   74299, score=36354.646
[1.0617] [preopt]  local best: worker=2, iter=   74303, score=36354.604
[1.0618] [preopt]  local best: worker=2, iter=   74315, score=36354.349
[1.0618] [preopt]  local best: worker=2, iter=   74360, score=36354.325
[1.0619] [preopt]  local best: worker=2, iter=   74373, score=36354.165
[1.0619] [preopt]  local best: worker=2, iter=   74385, score=36353.490
[1.0620] [preopt]  local best: worker=3, iter=   63456, score=34384.181
[1.0621] [preopt]  local best: worker=3, iter=   63530, score=34384.030
[1.0646] [preopt]  local best: worker=2, iter=   79126, score=34316.020
[1.0647] [preopt] shared best: worker=2, iter=   79126, score=34316.020
[1.0647] [preopt]  local best: worker=2, iter=   79156, score=34315.968
[1.0647] [preopt] shared best: worker=2, iter=   79156, score=34315.968
[1.0648] [preopt]  local best: worker=2, iter=   79216, score=34315.948
[1.0648] [preopt] shared best: worker=2, iter=   79216, score=34315.948
[1.0655] [preopt]  local best: worker=2, iter=   80279, score=34314.378
[1.0655] [preopt] shared best: worker=2, iter=   80279, score=34314.378
[1.0655] [preopt]  local best: worker=2, iter=   80292, score=34314.161
[1.0656] [preopt] shared best: worker=2, iter=   80292, score=34314.161
[1.0656] [preopt]  local best: worker=0, iter=   72684, score=34384.215
[1.0657] [preopt]  local best: worker=0, iter=   72754, score=34384.057
[1.0659] [preopt]  local best: worker=2, iter=   80754, score=34313.253
[1.0659] [preopt] shared best: worker=2, iter=   80754, score=34313.253
[1.0659] [preopt]  local best: worker=2, iter=   80760, score=34313.250
[1.0659] [preopt] shared best: worker=2, iter=   80760, score=34313.250
[1.0672] [preopt]  local best: worker=2, iter=   82821, score=34313.196
[1.0672] [preopt] shared best: worker=2, iter=   82821, score=34313.196
[1.0674] [preopt]  local best: worker=2, iter=   83004, score=34312.610
[1.0674] [preopt] shared best: worker=2, iter=   83004, score=34312.610
[1.0675] [preopt]  local best: worker=2, iter=   83129, score=34312.560
[1.0675] [preopt] shared best: worker=2, iter=   83129, score=34312.560
[1.0676] [preopt]  local best: worker=2, iter=   83130, score=34312.486
[1.0676] [preopt] shared best: worker=2, iter=   83130, score=34312.486
[1.0676] [preopt]  local best: worker=2, iter=   83131, score=34312.097
[1.0677] [preopt] shared best: worker=2, iter=   83131, score=34312.097
[1.0677] [preopt]  local best: worker=2, iter=   83137, score=34312.075
[1.0677] [preopt] shared best: worker=2, iter=   83137, score=34312.075
[1.0789] [preopt]  local best: worker=2, iter=  101470, score=34312.047
[1.0789] [preopt] shared best: worker=2, iter=  101470, score=34312.047
[1.0836] [preopt]  local best: worker=2, iter=  108837, score=34311.903
[1.0837] [preopt] shared best: worker=2, iter=  108837, score=34311.903
[1.0837] [preopt]  local best: worker=2, iter=  108876, score=34311.847
[1.0837] [preopt] shared best: worker=2, iter=  108876, score=34311.847
[1.0994] [preopt]  local best: worker=2, iter=  133199, score=34311.761
[1.0995] [preopt] shared best: worker=2, iter=  133199, score=34311.761
[1.0995] [preopt]  local best: worker=2, iter=  133210, score=34311.652
[1.0995] [preopt] shared best: worker=2, iter=  133210, score=34311.652
[1.0995] [preopt]  local best: worker=2, iter=  133212, score=34311.128
[1.0996] [preopt] shared best: worker=2, iter=  133212, score=34311.128
[1.1046] [preopt]  local best: worker=0, iter=  124288, score=34312.905
[1.1046] [preopt]  local best: worker=0, iter=  124296, score=34312.883
[1.1047] [preopt]  local best: worker=0, iter=  124308, score=34312.587
[1.1047] [preopt]  local best: worker=0, iter=  124311, score=34312.508
[1.1047] [preopt]  local best: worker=0, iter=  124313, score=34312.327
[1.1063] [preopt]  local best: worker=0, iter=  126740, score=34312.087
[1.1064] [preopt]  local best: worker=0, iter=  126813, score=34311.821
[1.1064] [preopt]  local best: worker=0, iter=  126814, score=34311.785
[1.1126] [preopt]  local best: worker=0, iter=  136538, score=34311.364
[1.1126] [preopt]  local best: worker=0, iter=  136543, score=34311.290
[1.1127] [preopt]  local best: worker=0, iter=  136545, score=34311.197
[1.1127] [preopt]  local best: worker=0, iter=  136547, score=34310.714
[1.1127] [preopt] shared best: worker=0, iter=  136547, score=34310.714
[1.1128] [preopt]  local best: worker=0, iter=  136552, score=34310.705
[1.1128] [preopt] shared best: worker=0, iter=  136552, score=34310.705
[1.1148] [preopt]  local best: worker=2, iter=  156904, score=34311.000
[1.2280] [preopt]  local best: worker=2, iter=  308452, score=34310.439
[1.2280] [preopt] shared best: worker=2, iter=  308452, score=34310.439
[1.2281] [preopt]  local best: worker=2, iter=  308488, score=34310.319
[1.2281] [preopt] shared best: worker=2, iter=  308488, score=34310.319
[1.2281] [preopt]  local best: worker=2, iter=  308495, score=34310.217
[1.2282] [preopt] shared best: worker=2, iter=  308495, score=34310.217
[1.2282] [preopt]  local best: worker=2, iter=  308500, score=34309.932
[1.2282] [preopt] shared best: worker=2, iter=  308500, score=34309.932
[1.2793] [preopt]  local best: worker=0, iter=  369086, score=34310.292
[1.3749] [preopt]  local best: worker=0, iter=  512539, score=34310.255
[1.3749] [preopt]  local best: worker=0, iter=  512541, score=34310.253
[1.3804] [preopt]  local best: worker=3, iter=  535556, score=34313.722
[1.3805] [preopt]  local best: worker=3, iter=  535564, score=34313.647
[1.3826] [preopt]  local best: worker=3, iter=  538035, score=34313.505
[1.3826] [preopt]  local best: worker=3, iter=  538061, score=34313.474
[1.3827] [preopt]  local best: worker=3, iter=  538075, score=34313.446
[1.3827] [preopt]  local best: worker=3, iter=  538079, score=34313.401
[1.3841] [preopt]  local best: worker=3, iter=  539761, score=34312.449
[1.3886] [preopt]  local best: worker=3, iter=  546044, score=34312.256
[1.3886] [preopt]  local best: worker=3, iter=  546072, score=34312.141
[1.3919] [preopt]  local best: worker=3, iter=  551101, score=34311.980
[1.3925] [preopt]  local best: worker=3, iter=  551903, score=34310.772
[1.3925] [preopt]  local best: worker=3, iter=  551906, score=34310.634
[1.3925] [preopt]  local best: worker=3, iter=  551912, score=34310.603
[1.3926] [preopt]  local best: worker=3, iter=  551917, score=34310.560
[1.3926] [preopt]  local best: worker=3, iter=  551918, score=34310.559
[1.3953] [preopt]  local best: worker=1, iter=  553765, score=34316.022
[1.3953] [preopt]  local best: worker=1, iter=  553777, score=34315.937
[1.3954] [preopt]  local best: worker=1, iter=  553788, score=34315.930
[1.3954] [preopt]  local best: worker=1, iter=  553789, score=34315.911
[1.3954] [preopt]  local best: worker=1, iter=  553808, score=34315.838
[1.3961] [preopt]  local best: worker=1, iter=  554562, score=34315.435
[1.3964] [preopt]  local best: worker=1, iter=  554853, score=34314.899
[1.3965] [preopt]  local best: worker=1, iter=  554854, score=34314.726
[1.3966] [preopt]  local best: worker=1, iter=  554915, score=34314.125
[1.3966] [preopt]  local best: worker=1, iter=  554921, score=34314.057
[1.3969] [preopt]  local best: worker=1, iter=  555224, score=34313.957
[1.3969] [preopt]  local best: worker=1, iter=  555233, score=34313.948
[1.3969] [preopt]  local best: worker=1, iter=  555237, score=34313.941
[1.3970] [preopt]  local best: worker=1, iter=  555239, score=34313.842
[1.3970] [preopt]  local best: worker=1, iter=  555242, score=34313.754
[1.3970] [preopt]  local best: worker=1, iter=  555244, score=34313.665
[1.3990] [preopt]  local best: worker=1, iter=  557437, score=34313.634
[1.3991] [preopt]  local best: worker=1, iter=  557439, score=34313.357
[1.3991] [preopt]  local best: worker=1, iter=  557447, score=34313.276
[1.3991] [preopt]  local best: worker=1, iter=  557454, score=34313.004
[1.3992] [preopt]  local best: worker=1, iter=  557457, score=34312.824
[1.4140] [preopt]  local best: worker=1, iter=  574575, score=34312.280
[1.4252] [preopt]  local best: worker=1, iter=  589284, score=34312.077
[1.4252] [preopt]  local best: worker=1, iter=  589324, score=34311.996
[1.4253] [preopt]  local best: worker=1, iter=  589343, score=34311.977
[1.4253] [preopt]  local best: worker=1, iter=  589400, score=34311.614
[1.4290] [preopt]  local best: worker=1, iter=  593577, score=34311.484
[1.4291] [preopt]  local best: worker=1, iter=  593587, score=34311.482
[1.4291] [preopt]  local best: worker=1, iter=  593591, score=34311.327
[1.4291] [preopt]  local best: worker=1, iter=  593597, score=34310.655
[1.4291] [preopt]  local best: worker=1, iter=  593600, score=34310.623
[1.4292] [preopt]  local best: worker=1, iter=  593601, score=34310.453
[1.4292] [preopt]  local best: worker=1, iter=  593604, score=34310.374
[1.4292] [preopt]  local best: worker=1, iter=  593608, score=34310.264
[1.4293] [preopt]  local best: worker=1, iter=  593637, score=34310.147
[2.0000] [preopt worker=0] iter= 1428244, current=40982.488, temperature=405.306398, regime=T>0
[2.0000] [preopt worker=3] iter= 1436993, current=36360.591, temperature=1548.614324, regime=T=0
[2.0000] [preopt worker=1] iter= 1377954, current=36360.069, temperature=1548.612932, regime=T=0
[2.0000] [preopt worker=2] iter= 1451531, current=37117.255, temperature=1548.614324, regime=T=0
[2.1870] [preopt]  local best: worker=0, iter= 1681834, score=34310.139
[2.1870] [preopt]  local best: worker=0, iter= 1681837, score=34309.884
[2.1870] [preopt] shared best: worker=0, iter= 1681837, score=34309.884
[2.1871] [preopt]  local best: worker=0, iter= 1681839, score=34309.729
[2.1871] [preopt] shared best: worker=0, iter= 1681839, score=34309.729
[2.3899] [preopt]  local best: worker=3, iter= 2024607, score=34309.862
[2.3899] [preopt]  local best: worker=3, iter= 2024614, score=34309.844
[2.3900] [preopt]  local best: worker=3, iter= 2024618, score=34309.792
[2.4066] [preopt]  local best: worker=3, iter= 2052351, score=34309.782
[2.7019] [preopt]  local best: worker=1, iter= 2393821, score=34309.900
[2.7020] [preopt]  local best: worker=1, iter= 2393824, score=34309.822
[2.7021] [preopt]  local best: worker=1, iter= 2393825, score=34309.767
[2.7021] [preopt]  local best: worker=1, iter= 2393826, score=34309.742
[2.7021] [preopt]  local best: worker=1, iter= 2393833, score=34309.696
[2.7021] [preopt] shared best: worker=1, iter= 2393833, score=34309.696
[2.7022] [preopt]  local best: worker=1, iter= 2393842, score=34309.575
[2.7022] [preopt] shared best: worker=1, iter= 2393842, score=34309.575
[2.7022] [preopt]  local best: worker=1, iter= 2393845, score=34309.501
[2.7022] [preopt] shared best: worker=1, iter= 2393845, score=34309.501
[3.0000] [preopt worker=1] iter= 2846983, current=34316.594, temperature=1199.026548, regime=T=0
[3.0000] [preopt worker=3] iter= 2955616, current=34315.366, temperature=1199.027541, regime=T=0
[3.0000] [preopt worker=2] iter= 2914616, current=34315.556, temperature=1199.027375, regime=T=0
[3.0000] [preopt worker=0] iter= 2886127, current=34316.841, temperature=1199.026575, regime=T=0
[4.0000] [preopt worker=3] iter= 4421889, current=34316.680, temperature=928.356963, regime=T=0
[4.0000] [preopt worker=0] iter= 4355138, current=37000.833, temperature=928.356257, regime=T=0
[4.0000] [preopt worker=2] iter= 4408618, current=41679.982, temperature=928.356874, regime=T=0
[4.0000] [preopt worker=1] iter= 4355425, current=36400.710, temperature=928.356231, regime=T=0
[5.0000] [preopt worker=0] iter= 5831498, current=34316.282, temperature=718.787583, regime=T=0
[5.0000] [preopt worker=3] iter= 5914179, current=34315.670, temperature=718.787967, regime=T=0
[5.0000] [preopt worker=2] iter= 5884977, current=34317.675, temperature=718.787928, regime=T=0
[5.0000] [preopt worker=1] iter= 5849843, current=35614.758, temperature=718.787581, regime=T=0
[5.0026] [preopt]  local best: worker=1, iter= 5852360, score=34309.494
[5.0026] [preopt] shared best: worker=1, iter= 5852360, score=34309.494
[6.0000] [preopt worker=1] iter= 7284820, current=34314.033, temperature=556.527217, regime=T=0
[6.0000] [preopt worker=3] iter= 7330377, current=34387.482, temperature=556.527500, regime=T=0
[6.0000] [preopt worker=2] iter= 7356944, current=34313.965, temperature=556.527458, regime=T=0
[6.0000] [preopt worker=0] iter= 7243496, current=34317.246, temperature=556.527097, regime=T=0
[6.2878] [preopt]  local best: worker=3, iter= 7698275, score=34309.732
[6.2878] [preopt]  local best: worker=3, iter= 7698278, score=34309.715
[6.2879] [preopt]  local best: worker=3, iter= 7698282, score=34309.643
[6.2879] [preopt]  local best: worker=3, iter= 7698292, score=34309.620
[6.5266] [preopt]  local best: worker=2, iter= 8099782, score=34309.924
[6.5266] [preopt]  local best: worker=2, iter= 8099783, score=34309.921
[7.0000] [preopt worker=1] iter= 8747485, current=34314.976, temperature=430.895842, regime=T=0
[7.0000] [preopt worker=0] iter= 8681150, current=34315.906, temperature=430.895885, regime=T=0
[7.0000] [preopt worker=3] iter= 8722485, current=34314.245, temperature=430.895975, regime=T=0
[7.0000] [preopt worker=2] iter= 8840518, current=34316.607, temperature=430.895741, regime=T=0
[8.0000] [preopt worker=1] iter=10056313, current=34315.425, temperature=333.624708, regime=T=0
[8.0000] [preopt worker=0] iter=10089250, current=34314.646, temperature=333.624711, regime=T=0
[8.0000] [preopt worker=2] iter=10303424, current=34318.208, temperature=333.624595, regime=T=0
[8.0000] [preopt worker=3] iter=10094521, current=34315.068, temperature=333.624766, regime=T=0
[8.0757] [preopt]  local best: worker=0, iter=10201821, score=34309.131
[8.0758] [preopt] shared best: worker=0, iter=10201821, score=34309.131
[8.5144] [preopt]  local best: worker=2, iter=11047330, score=34309.778
[8.5144] [preopt]  local best: worker=2, iter=11047336, score=34309.759
[8.5144] [preopt]  local best: worker=2, iter=11047340, score=34309.709
[9.0000] [preopt worker=3] iter=11513470, current=34315.971, temperature=258.311716, regime=T=0
[9.0000] [preopt worker=0] iter=11508762, current=34389.989, temperature=258.311693, regime=T=0
[9.0000] [preopt worker=1] iter=11518143, current=34314.427, temperature=258.311717, regime=T=0
[9.0000] [preopt worker=2] iter=11728016, current=34313.562, temperature=258.311727, regime=T=0
[10.0000] [preopt   worker=0] iter=12851569, accepted= 2455635, improved=     169, best_imports=    0, current=34315.676, local_best=34309.131, temp(z1>0)=676.016956->6.760170, temp(z1=0)=2000.000000->200.000000
neighbor stats:
  Relocate        : selected=10280701, succeeded=7594108 ( 73.868%), improved=1223924 ( 16.117%, avg=     15.84), accepted=2447069 ( 32.223%), time=  4.692s, avg=  0.000ms
  Swap            : selected=1929603, succeeded=  48105 (  2.493%), improved=   2120 (  4.407%, avg=     39.92), accepted=   4711 (  9.793%), time=  0.729s, avg=  0.000ms
  LargeReconstruct: selected= 641265, succeeded= 348026 ( 54.272%), improved=   1931 (  0.555%, avg=     12.32), accepted=   3855 (  1.108%), time=  1.865s, avg=  0.003ms
[10.0002] [preopt   worker=1] iter=12859661, accepted= 2451169, improved=     203, best_imports=    0, current=34318.483, local_best=34309.494, temp(z1>0)=676.016956->6.760170, temp(z1=0)=2000.000000->200.000000
neighbor stats:
  Relocate        : selected=10287386, succeeded=7596112 ( 73.839%), improved=1221944 ( 16.086%, avg=     16.20), accepted=2442629 ( 32.156%), time=  4.718s, avg=  0.000ms
  Swap            : selected=1929205, succeeded=  47916 (  2.484%), improved=   2079 (  4.339%, avg=     26.72), accepted=   4723 (  9.857%), time=  0.728s, avg=  0.000ms
  LargeReconstruct: selected= 643070, succeeded= 350935 ( 54.572%), improved=   1938 (  0.552%, avg=     21.14), accepted=   3817 (  1.088%), time=  1.855s, avg=  0.003ms
[10.0003] [preopt   worker=2] iter=13203974, accepted= 2527195, improved=     189, best_imports=    0, current=34315.503, local_best=34309.709, temp(z1>0)=676.016956->6.760170, temp(z1=0)=2000.000000->200.000000
neighbor stats:
  Relocate        : selected=10562208, succeeded=7801673 ( 73.864%), improved=1259482 ( 16.144%, avg=     14.91), accepted=2518404 ( 32.280%), time=  4.695s, avg=  0.000ms
  Swap            : selected=1982133, succeeded=  49430 (  2.494%), improved=   2177 (  4.404%, avg=     34.20), accepted=   4869 (  9.850%), time=  0.719s, avg=  0.000ms
  LargeReconstruct: selected= 659633, succeeded= 358781 ( 54.391%), improved=   1931 (  0.538%, avg=     16.94), accepted=   3922 (  1.093%), time=  1.884s, avg=  0.003ms
[10.0004] [preopt   worker=3] iter=12957819, accepted= 2486505, improved=     169, best_imports=    0, current=34315.059, local_best=34309.620, temp(z1>0)=676.016956->6.760170, temp(z1=0)=2000.000000->200.000000
neighbor stats:
  Relocate        : selected=10366132, succeeded=7663522 ( 73.928%), improved=1239183 ( 16.170%, avg=     15.71), accepted=2477897 ( 32.334%), time=  4.695s, avg=  0.000ms
  Swap            : selected=1945146, succeeded=  48857 (  2.512%), improved=   2092 (  4.282%, avg=     43.46), accepted=   4759 (  9.741%), time=  0.725s, avg=  0.000ms
  LargeReconstruct: selected= 646541, succeeded= 350197 ( 54.165%), improved=   2006 (  0.573%, avg=     15.36), accepted=   3849 (  1.099%), time=  1.868s, avg=  0.003ms
[10.0005] [preopt] result: best=34309.131
[preopt] objective: official=34054.000, congestion=38.268, search=34309.131
[10.3896] initial abstract score: 34054.000
[10.4027] [expand] best: trial=1, score=0.000
[10.4027] [expand] finish: trials=1, score=0.000
[10.4030] [expand] best: trial=1, score=0.000
[10.4031] [expand] finish: trials=1, score=0.000
[10.4030] [expand] best: trial=1, score=0.000
[10.4031] [expand] finish: trials=1, score=0.000
[10.4037] [expand] best: trial=1, score=0.000
[10.4038] [expand] finish: trials=1, score=0.000
[10.4038] [optimize] horizon=1/8, blocks=18, initial=0.000, w2=0.000
[10.4598] [expand] best: trial=1, score=22667.000
[10.4598] [expand] best: trial=1, score=33867.000
[10.4665] [expand] best: trial=1, score=56135.000
[10.4679] [expand] best: trial=1, score=95204.000
[10.4782] [expand] best: trial=2, score=58402.000
[10.4818] [expand] best: trial=8, score=22400.000
[10.4842] [expand] best: trial=3, score=29067.000
[10.4877] [expand] best: trial=7, score=22400.000
[10.4907] [expand] best: trial=5, score=41467.000
[10.4981] [expand] best: trial=9, score=25867.000
[10.5104] [expand] best: trial=13, score=33867.000
[10.5148] [expand] best: trial=19, score=31734.000
[10.5270] [expand] best: trial=30, score=18400.000
[10.5439] [expand] best: trial=47, score=25600.000
[10.5550] [expand] best: trial=44, score=25867.000
[10.5569] [expand] best: trial=57, score=25067.000
[10.5593] [expand] best: trial=59, score=20800.000
[10.5909] [expand] best: trial=100, score=19200.000
[10.6101] [expand] best: trial=143, score=20800.000
[10.6373] [expand] best: trial=163, score=17067.000
[10.6604] [expand] best: trial=200, score=15200.000
[10.7854] [expand] best: trial=375, score=15200.000
[10.8727] [expand] best: trial=464, score=21600.000
[10.9708] [expand] finish: trials=684, score=15200.000
[10.9708] [expand] finish: trials=740, score=17067.000
[10.9709] [expand] finish: trials=612, score=21600.000
[10.9711] [expand] finish: trials=675, score=15200.000
[10.9712] [optimize] horizon=2/8, blocks=37, initial=15200.000, w2=0.000
[11.0004] [optimize worker=1] iter=      75, current=15200.000, temperature=993.790905, regime=T=0
[11.0009] [optimize worker=0] iter=      61, current=17067.000, temperature=81.641954, regime=T>0
[11.0031] [optimize worker=2] iter=      49, current=15200.000, temperature=993.211614, regime=T=0
[11.0051] [optimize]  local best: worker=1, iter=     107, score=13600.000
[11.0051] [optimize] shared best: worker=1, iter=     107, score=13600.000
[11.0056] [optimize worker=3] iter=      33, current=21600.000, temperature=992.685399, regime=T=0
[11.1593] [optimize]  local best: worker=3, iter=     632, score=18400.000
[11.1743] [optimize]  local best: worker=0, iter=     711, score=13600.000
[11.2866] [optimize]  local best: worker=3, iter=    1806, score=9600.000
[11.2867] [optimize] shared best: worker=3, iter=    1806, score=9600.000
[11.3476] [optimize]  local best: worker=2, iter=    2536, score=12000.000
[11.3677] [optimize]  local best: worker=2, iter=    2814, score=10400.000
[11.3694] [optimize]  local best: worker=1, iter=    2962, score=9600.000
[11.4419] [optimize]  local best: worker=0, iter=    3730, score=11200.000
[11.9028] [optimize]  local best: worker=0, iter=   10483, score=9600.000
[12.0000] [optimize worker=0] iter=   12157, current=9600.000, temperature=802.468892, regime=T=0
[12.0001] [optimize worker=3] iter=   12648, current=11200.000, temperature=802.473615, regime=T=0
[12.0001] [optimize worker=2] iter=   12783, current=11200.000, temperature=802.470406, regime=T=0
[12.0003] [optimize worker=1] iter=   12864, current=11200.000, temperature=802.427221, regime=T=0
[12.9565] [optimize]  local best: worker=2, iter=   29225, score=6400.000
[12.9566] [optimize] shared best: worker=2, iter=   29225, score=6400.000
[13.0001] [optimize worker=3] iter=   29547, current=11200.000, temperature=647.942210, regime=T=0
[13.0001] [optimize worker=0] iter=   29968, current=9600.000, temperature=647.925474, regime=T=0
[13.0002] [optimize worker=1] iter=   30009, current=11200.000, temperature=647.917044, regime=T=0
[13.0003] [optimize worker=2] iter=   30004, current=6400.000, temperature=647.911748, regime=T=0
[13.8896] [optimize]  local best: worker=1, iter=   45711, score=6400.000
[14.0000] [optimize worker=1] iter=   47488, current=6400.000, temperature=523.176061, regime=T=0
[14.0001] [optimize worker=3] iter=   46768, current=9600.000, temperature=523.165590, regime=T=0
[14.0002] [optimize worker=2] iter=   47921, current=6400.000, temperature=523.152550, regime=T=0
[14.0005] [optimize worker=0] iter=   48009, current=9600.000, temperature=523.114355, regime=T=0
[15.0001] [optimize worker=2] iter=   66064, current=6400.000, temperature=422.420824, regime=T=0
[15.0001] [optimize worker=0] iter=   66375, current=9600.000, temperature=422.415232, regime=T=0
[15.0003] [optimize worker=1] iter=   65315, current=6400.000, temperature=422.403146, regime=T=0
[15.0004] [optimize worker=3] iter=   64738, current=9600.000, temperature=422.393604, regime=T=0
[16.0000] [optimize worker=0] iter=   84185, current=9600.000, temperature=341.081521, regime=T=0
[16.0001] [optimize worker=2] iter=   84407, current=6400.000, temperature=341.075699, regime=T=0
[16.0001] [optimize worker=3] iter=   82759, current=9600.000, temperature=341.079247, regime=T=0
[16.0000] [optimize worker=1] iter=   83191, current=6400.000, temperature=341.082465, regime=T=0
[16.7343] [optimize]  local best: worker=3, iter=   95713, score=6400.000
[17.0000] [optimize worker=2] iter=  101960, current=6400.000, temperature=275.400221, regime=T=0
[17.0002] [optimize worker=3] iter=  100414, current=6400.000, temperature=275.391247, regime=T=0
[17.0001] [optimize worker=1] iter=  100513, current=6400.000, temperature=275.398630, regime=T=0
[17.0001] [optimize worker=0] iter=  102260, current=9600.000, temperature=275.398029, regime=T=0
[18.0000] [optimize worker=1] iter=  118148, current=6400.000, temperature=222.367862, regime=T=0
[18.0000] [optimize worker=3] iter=  117925, current=6400.000, temperature=222.366672, regime=T=0
[18.0001] [optimize worker=0] iter=  120483, current=9600.000, temperature=222.365589, regime=T=0
[18.0002] [optimize worker=2] iter=  119991, current=6400.000, temperature=222.360245, regime=T=0
[19.0000] [optimize worker=0] iter=  138942, current=9600.000, temperature=179.545892, regime=T=0
[19.0002] [optimize worker=1] iter=  135765, current=6400.000, temperature=179.540381, regime=T=0
[19.0004] [optimize worker=2] iter=  137316, current=6400.000, temperature=179.530892, regime=T=0
[19.0005] [optimize worker=3] iter=  135205, current=6400.000, temperature=179.529854, regime=T=0
[19.7390] [optimize]  local best: worker=0, iter=  152208, score=6400.000
[20.0000] [optimize worker=3] iter=  153517, current=6400.000, temperature=144.972020, regime=T=0
[20.0000] [optimize worker=1] iter=  153124, current=6400.000, temperature=144.971527, regime=T=0
[20.0002] [optimize worker=2] iter=  155333, current=6400.000, temperature=144.966557, regime=T=0
[20.0003] [optimize worker=0] iter=  156739, current=6400.000, temperature=144.964098, regime=T=0
[21.0000] [optimize worker=2] iter=  173164, current=6400.000, temperature=117.055056, regime=T=0
[21.0001] [optimize worker=1] iter=  170825, current=6400.000, temperature=117.053315, regime=T=0
[21.0001] [optimize worker=3] iter=  171226, current=6400.000, temperature=117.052369, regime=T=0
[21.0005] [optimize worker=0] iter=  174810, current=6400.000, temperature=117.044281, regime=T=0
[21.7366] [optimize worker=0] iter=  187961, accepted=   48987, improved=       4, best_imports=    0, current=6400.000, local_best=6400.000, temp(z1>0)=82.162162->8.216216, temp(z1=0)=1000.000000->100.000000
neighbor stats:
  Large           : selected=  23321, succeeded=   4529 ( 19.420%), improved=     11 (  0.243%, avg=   1842.45), accepted=   4254 ( 93.928%), time=  8.046s, avg=  0.345ms
  Shift           : selected= 117666, succeeded= 117666 (100.000%), improved=      0 (  0.000%, avg=      0.00), accepted=  25093 ( 21.326%), time=  0.694s, avg=  0.006ms
  Move            : selected=  23423, succeeded=   8730 ( 37.271%), improved=      0 (  0.000%, avg=      0.00), accepted=   8730 (100.000%), time=  1.256s, avg=  0.054ms
  Rotate          : selected=  23551, succeeded=  23551 (100.000%), improved=      0 (  0.000%, avg=      0.00), accepted=  10910 ( 46.325%), time=  0.749s, avg=  0.032ms
[21.7368] [optimize worker=1] iter=  184573, accepted=   48929, improved=       3, best_imports=    0, current=6400.000, local_best=6400.000, temp(z1>0)=82.162162->8.216216, temp(z1=0)=1000.000000->100.000000
neighbor stats:
  Large           : selected=  23272, succeeded=   4464 ( 19.182%), improved=      6 (  0.134%, avg=   3111.17), accepted=   3880 ( 86.918%), time=  8.081s, avg=  0.347ms
  Shift           : selected= 115380, succeeded= 115380 (100.000%), improved=      1 (  0.001%, avg=   6667.00), accepted=  26229 ( 22.733%), time=  0.694s, avg=  0.006ms
  Move            : selected=  23012, succeeded=   8329 ( 36.194%), improved=      0 (  0.000%, avg=      0.00), accepted=   8329 (100.000%), time=  1.234s, avg=  0.054ms
  Rotate          : selected=  22909, succeeded=  22909 (100.000%), improved=      0 (  0.000%, avg=      0.00), accepted=  10491 ( 45.794%), time=  0.736s, avg=  0.032ms
[21.7369] [optimize worker=2] iter=  186079, accepted=   49357, improved=       3, best_imports=    0, current=6400.000, local_best=6400.000, temp(z1>0)=82.162162->8.216216, temp(z1=0)=1000.000000->100.000000
neighbor stats:
  Large           : selected=  23497, succeeded=   4413 ( 18.781%), improved=      4 (  0.091%, avg=   3200.00), accepted=   3944 ( 89.372%), time=  8.128s, avg=  0.346ms
  Shift           : selected= 116096, succeeded= 116096 (100.000%), improved=      0 (  0.000%, avg=      0.00), accepted=  26391 ( 22.732%), time=  0.688s, avg=  0.006ms
  Move            : selected=  23414, succeeded=   8379 ( 35.786%), improved=      0 (  0.000%, avg=      0.00), accepted=   8379 (100.000%), time=  1.240s, avg=  0.053ms
  Rotate          : selected=  23072, succeeded=  23072 (100.000%), improved=      0 (  0.000%, avg=      0.00), accepted=  10643 ( 46.130%), time=  0.688s, avg=  0.030ms
[21.7370] [optimize worker=3] iter=  184002, accepted=   49848, improved=       3, best_imports=    0, current=6400.000, local_best=6400.000, temp(z1>0)=82.162162->8.216216, temp(z1=0)=1000.000000->100.000000
neighbor stats:
  Large           : selected=  23309, succeeded=   4775 ( 20.486%), improved=     10 (  0.209%, avg=   2480.00), accepted=   4471 ( 93.634%), time=  8.088s, avg=  0.347ms
  Shift           : selected= 114465, succeeded= 114465 (100.000%), improved=      0 (  0.000%, avg=      0.00), accepted=  25372 ( 22.166%), time=  0.693s, avg=  0.006ms
  Move            : selected=  23110, succeeded=   8692 ( 37.611%), improved=      2 (  0.023%, avg=   1800.00), accepted=   8692 (100.000%), time=  1.234s, avg=  0.053ms
  Rotate          : selected=  23118, succeeded=  23118 (100.000%), improved=      0 (  0.000%, avg=      0.00), accepted=  11313 ( 48.936%), time=  0.729s, avg=  0.032ms
[21.7370] [optimize] result: best=6400.000
[21.8006] [expand] best: trial=1, score=275345.000
[21.8054] [expand] best: trial=1, score=281079.000
[21.8100] [expand] best: trial=1, score=249744.000
[21.8123] [expand] best: trial=2, score=266811.000
[21.8139] [expand] best: trial=1, score=486287.000
[21.8198] [expand] best: trial=2, score=226809.000
[21.8263] [expand] best: trial=2, score=288412.000
[21.8335] [expand] best: trial=4, score=248141.000
[21.8376] [expand] best: trial=4, score=262943.000
[21.8409] [expand] best: trial=5, score=246941.000
[21.8480] [expand] best: trial=7, score=248677.000
[21.8532] [expand] best: trial=6, score=210407.000
[21.8678] [expand] best: trial=17, score=241344.000
[21.8723] [expand] best: trial=19, score=233476.000
[21.8786] [expand] best: trial=22, score=196407.000
[21.8859] [expand] best: trial=26, score=236410.000
[21.8879] [expand] best: trial=27, score=226543.000
[21.8967] [expand] best: trial=32, score=215742.000
[21.9257] [expand] best: trial=40, score=194674.000
[21.9786] [expand] best: trial=66, score=241743.000
[22.0040] [expand] best: trial=97, score=206141.000
[22.0083] [expand] best: trial=89, score=186806.000
[22.0558] [expand] best: trial=109, score=241210.000
[22.0823] [expand] best: trial=137, score=183606.000
[22.0876] [expand] best: trial=140, score=181207.000
[22.1555] [expand] best: trial=168, score=240809.000
[22.2481] [expand] best: trial=251, score=177206.000
[22.2645] [expand] best: trial=262, score=170405.000
[22.4016] [expand] best: trial=314, score=228276.000
[22.4023] [expand] best: trial=371, score=200142.000
[22.4506] [expand] best: trial=404, score=200008.000
[22.6385] [expand] best: trial=581, score=192539.000
[22.7486] [expand] best: trial=603, score=167873.000
[22.8203] [expand] best: trial=655, score=150404.000
[23.0352] [expand] finish: trials=884, score=192539.000
[23.0353] [expand] finish: trials=711, score=228276.000
[23.0356] [expand] finish: trials=835, score=150404.000
[23.0365] [expand] finish: trials=825, score=200008.000
[23.0366] [optimize] horizon=3/8, blocks=56, initial=150404.000, w2=0.000
[23.1182] [optimize]  local best: worker=2, iter=     289, score=185872.000
[23.1225] [optimize]  local best: worker=1, iter=     320, score=193341.000
[23.1297] [optimize]  local best: worker=3, iter=     234, score=201608.000
[23.1481] [optimize]  local best: worker=3, iter=     340, score=195208.000
[23.1674] [optimize]  local best: worker=3, iter=     449, score=188541.000
[23.1729] [optimize]  local best: worker=2, iter=     614, score=179072.000
[23.1956] [optimize]  local best: worker=2, iter=     786, score=159338.000
[23.2751] [optimize]  local best: worker=3, iter=    1329, score=187874.000
[23.2807] [optimize]  local best: worker=1, iter=    1561, score=192674.000
[23.2927] [optimize]  local best: worker=0, iter=    1566, score=142938.000
[23.2927] [optimize] shared best: worker=0, iter=    1566, score=142938.000
[23.3123] [optimize]  local best: worker=2, iter=    1623, score=152671.000
[23.3151] [optimize]  local best: worker=1, iter=    1901, score=186007.000
[23.4504] [optimize]  local best: worker=3, iter=    3049, score=181207.000
[23.4542] [optimize]  local best: worker=2, iter=    2898, score=140005.000
[23.4543] [optimize] shared best: worker=2, iter=    2898, score=140005.000
[23.5173] [optimize]  local best: worker=1, iter=    3997, score=172807.000
[23.5377] [optimize]  local best: worker=2, iter=    3774, score=140004.000
[23.5377] [optimize] shared best: worker=2, iter=    3774, score=140004.000
[23.6181] [optimize]  local best: worker=3, iter=    4770, score=173340.000
[23.6220] [optimize]  local best: worker=3, iter=    4794, score=160006.000
[23.6651] [optimize]  local best: worker=3, iter=    5259, score=153339.000
[23.6857] [optimize]  local best: worker=1, iter=    5777, score=167873.000
[23.8604] [optimize]  local best: worker=3, iter=    7405, score=146672.000
[24.0000] [optimize worker=1] iter=    9078, current=167873.000, temperature=490.946570, regime=T>0
[24.0001] [optimize worker=3] iter=    9103, current=146672.000, temperature=490.941018, regime=T>0
[24.0002] [optimize worker=0] iter=    8853, current=142938.000, temperature=490.937976, regime=T>0
[24.0008] [optimize worker=2] iter=    8839, current=140004.000, temperature=490.911365, regime=T>0
[24.0739] [optimize]  local best: worker=3, iter=   10034, score=142138.000
[24.1212] [optimize]  local best: worker=1, iter=   10247, score=152272.000
[24.1353] [optimize]  local best: worker=0, iter=   10293, score=136271.000
[24.1354] [optimize] shared best: worker=0, iter=   10293, score=136271.000
[24.1594] [optimize]  local best: worker=3, iter=   10834, score=139738.000
[24.2118] [optimize]  local best: worker=3, iter=   11376, score=126805.000
[24.2119] [optimize] shared best: worker=3, iter=   11376, score=126805.000
[24.2165] [optimize]  local best: worker=3, iter=   11415, score=120138.000
[24.2166] [optimize] shared best: worker=3, iter=   11415, score=120138.000
[24.2224] [optimize]  local best: worker=1, iter=   11411, score=145605.000
[24.2293] [optimize]  local best: worker=3, iter=   11563, score=115071.000
[24.2293] [optimize] shared best: worker=3, iter=   11563, score=115071.000
[24.2447] [optimize]  local best: worker=3, iter=   11710, score=108404.000
[24.2448] [optimize] shared best: worker=3, iter=   11710, score=108404.000
[24.3213] [optimize]  local best: worker=1, iter=   12532, score=138938.000
[24.3785] [optimize]  local best: worker=1, iter=   13124, score=137338.000
[24.4244] [optimize]  local best: worker=1, iter=   13546, score=130671.000
[24.5111] [optimize]  local best: worker=1, iter=   14589, score=110670.000
[24.6396] [optimize]  local best: worker=1, iter=   15946, score=110669.000
[24.8431] [optimize]  local best: worker=1, iter=   18465, score=104003.000
[24.8431] [optimize] shared best: worker=1, iter=   18465, score=104003.000
[25.0000] [optimize worker=0] iter=   20510, current=136271.000, temperature=447.178071, regime=T>0
[25.0001] [optimize worker=2] iter=   20683, current=140004.000, temperature=447.176933, regime=T>0
[25.0001] [optimize worker=3] iter=   20446, current=108404.000, temperature=447.177108, regime=T>0
[25.0003] [optimize worker=1] iter=   20201, current=104003.000, temperature=447.166750, regime=T>0
[25.0946] [optimize]  local best: worker=0, iter=   21600, score=135604.000
[25.0948] [optimize]  local best: worker=0, iter=   21601, score=128937.000
[25.1486] [optimize]  local best: worker=0, iter=   22271, score=128936.000
[25.4608] [optimize]  local best: worker=3, iter=   25869, score=106804.000
[25.4680] [optimize]  local best: worker=1, iter=   25541, score=104002.000
[25.4681] [optimize] shared best: worker=1, iter=   25541, score=104002.000
[25.6558] [optimize]  local best: worker=1, iter=   27800, score=97335.000
[25.6558] [optimize] shared best: worker=1, iter=   27800, score=97335.000
[26.0000] [optimize worker=2] iter=   32294, current=140004.000, temperature=407.315254, regime=T>0
[26.0002] [optimize worker=1] iter=   31883, current=97335.000, temperature=407.309212, regime=T>0
[26.0006] [optimize worker=0] iter=   32285, current=128936.000, temperature=407.291065, regime=T>0
[26.0007] [optimize worker=3] iter=   32599, current=106804.000, temperature=407.288903, regime=T>0
[26.2540] [optimize]  local best: worker=2, iter=   35131, score=133337.000
[26.2792] [optimize]  local best: worker=3, iter=   36099, score=100137.000
[26.4391] [optimize]  local best: worker=2, iter=   37250, score=120003.000
[26.8028] [optimize]  local best: worker=2, iter=   41747, score=115336.000
[26.9306] [optimize]  local best: worker=2, iter=   43285, score=113336.000
[27.0000] [optimize worker=3] iter=   45061, current=100137.000, temperature=371.004739, regime=T>0
[27.0001] [optimize worker=1] iter=   44206, current=97335.000, temperature=371.002331, regime=T>0
[27.0004] [optimize worker=2] iter=   44190, current=113336.000, temperature=370.992178, regime=T>0
[27.0004] [optimize worker=0] iter=   43700, current=128936.000, temperature=370.989263, regime=T>0
[27.0555] [optimize]  local best: worker=1, iter=   44847, score=90669.000
[27.0555] [optimize] shared best: worker=1, iter=   44847, score=90669.000
[28.0000] [optimize worker=2] iter=   55592, current=113336.000, temperature=337.930169, regime=T>0
[28.0000] [optimize worker=3] iter=   57421, current=100137.000, temperature=337.930441, regime=T>0
[28.0001] [optimize worker=1] iter=   56461, current=90669.000, temperature=337.926974, regime=T>0
[28.0008] [optimize worker=0] iter=   55695, current=128936.000, temperature=337.904767, regime=T>0
[28.2337] [optimize]  local best: worker=3, iter=   60234, score=100003.000
[28.3149] [optimize]  local best: worker=2, iter=   59218, score=108269.000
[28.3818] [optimize]  local best: worker=3, iter=   62054, score=93336.000
[28.5779] [optimize]  local best: worker=2, iter=   62112, score=106669.000
[28.8323] [optimize]  local best: worker=2, iter=   65337, score=93336.000
[29.0001] [optimize worker=0] iter=   67830, current=128936.000, temperature=307.802952, regime=T>0
[29.0002] [optimize worker=1] iter=   69112, current=90669.000, temperature=307.797749, regime=T>0
[29.0002] [optimize worker=3] iter=   70170, current=93336.000, temperature=307.798005, regime=T>0
[29.0003] [optimize worker=2] iter=   67583, current=93336.000, temperature=307.796384, regime=T>0
[29.0566] [optimize]  local best: worker=3, iter=   70827, score=86669.000
[29.0567] [optimize] shared best: worker=3, iter=   70827, score=86669.000
[29.2237] [optimize]  local best: worker=1, iter=   71862, score=76669.000
[29.2238] [optimize] shared best: worker=1, iter=   71862, score=76669.000
[29.4376] [optimize]  local best: worker=0, iter=   72745, score=122936.000
[29.4570] [optimize]  local best: worker=2, iter=   73320, score=86669.000
[29.9069] [optimize]  local best: worker=1, iter=   80345, score=70002.000
[29.9070] [optimize] shared best: worker=1, iter=   80345, score=70002.000
[30.0003] [optimize worker=3] iter=   82568, current=86669.000, temperature=280.358347, regime=T>0
[30.0005] [optimize worker=1] iter=   81492, current=70002.000, temperature=280.351928, regime=T>0
[30.0005] [optimize worker=0] iter=   79674, current=122936.000, temperature=280.351035, regime=T>0
[30.0008] [optimize worker=2] iter=   80439, current=86669.000, temperature=280.343529, regime=T>0
[30.6289] [optimize]  local best: worker=3, iter=   90444, score=80002.000
[30.6451] [optimize]  local best: worker=0, iter=   87217, score=116269.000
[31.0001] [optimize worker=1] iter=   93973, current=70002.000, temperature=255.367646, regime=T>0
[31.0002] [optimize worker=0] iter=   91388, current=116269.000, temperature=255.366976, regime=T>0
[31.0006] [optimize worker=3] iter=   95345, current=80002.000, temperature=255.356117, regime=T>0
[31.0007] [optimize worker=2] iter=   93760, current=86669.000, temperature=255.355066, regime=T>0
[32.0002] [optimize worker=2] iter=  105708, current=86669.000, temperature=232.602110, regime=T>0
[32.0003] [optimize worker=0] iter=  102579, current=116269.000, temperature=232.598259, regime=T>0
[32.0005] [optimize worker=3] iter=  107379, current=80002.000, temperature=232.595796, regime=T>0
[32.0042] [optimize worker=1] iter=  106122, current=70002.000, temperature=232.515049, regime=T>0
[33.0000] [optimize worker=1] iter=  118168, current=70002.000, temperature=211.869292, regime=T>0
[33.0005] [optimize worker=3] iter=  120202, current=80002.000, temperature=211.860032, regime=T>0
[33.0001] [optimize worker=2] iter=  118298, current=86669.000, temperature=211.867617, regime=T>0
[33.0105] [optimize worker=0] iter=  113886, current=116269.000, temperature=211.661362, regime=T>0
[33.0616] [optimize]  local best: worker=0, iter=  114471, score=109602.000
[33.2835] [optimize]  local best: worker=0, iter=  117185, score=102935.000
[34.0001] [optimize worker=3] iter=  132735, current=80002.000, temperature=192.980698, regime=T>0
[34.0001] [optimize worker=1] iter=  130963, current=70002.000, temperature=192.979681, regime=T>0
[34.0002] [optimize worker=0] iter=  126110, current=102935.000, temperature=192.977709, regime=T>0
[34.0004] [optimize worker=2] iter=  131089, current=86669.000, temperature=192.974869, regime=T>0
[34.4335] [optimize]  local best: worker=0, iter=  131560, score=96268.000
[35.0000] [optimize worker=3] iter=  145546, current=80002.000, temperature=175.778094, regime=T>0
[35.0000] [optimize worker=0] iter=  138256, current=96268.000, temperature=175.777610, regime=T>0
[35.0003] [optimize worker=1] iter=  144198, current=70002.000, temperature=175.772748, regime=T>0
[35.0004] [optimize worker=2] iter=  144671, current=86669.000, temperature=175.771183, regime=T>0
[35.3594] [optimize]  local best: worker=2, iter=  149162, score=80002.000
[36.0000] [optimize worker=2] iter=  157427, current=80002.000, temperature=160.107835, regime=T>0
[36.0000] [optimize worker=1] iter=  157078, current=70002.000, temperature=160.107686, regime=T>0
[36.0001] [optimize worker=0] iter=  150854, current=96268.000, temperature=160.106756, regime=T>0
[36.0004] [optimize worker=3] iter=  158648, current=80002.000, temperature=160.102503, regime=T>0
[36.3794] [optimize]  local best: worker=2, iter=  162114, score=66668.000
[36.3795] [optimize] shared best: worker=2, iter=  162114, score=66668.000
[36.4253] [optimize]  local best: worker=0, iter=  156078, score=89602.000
[37.0000] [optimize worker=1] iter=  170080, current=70002.000, temperature=145.834360, regime=T>0
[37.0001] [optimize worker=0] iter=  163616, current=89602.000, temperature=145.833602, regime=T>0
[37.0001] [optimize worker=3] iter=  171535, current=80002.000, temperature=145.833532, regime=T>0
[37.0002] [optimize worker=2] iter=  170063, current=66668.000, temperature=145.831385, regime=T>0
[38.0000] [optimize worker=1] iter=  183115, current=70002.000, temperature=132.833827, regime=T>0
[38.0000] [optimize worker=0] iter=  176246, current=89602.000, temperature=132.833488, regime=T>0
[38.0000] [optimize worker=3] iter=  184019, current=80002.000, temperature=132.833546, regime=T>0
[38.0000] [optimize worker=2] iter=  182906, current=66668.000, temperature=132.833366, regime=T>0
[38.5425] [optimize]  local best: worker=1, iter=  190073, score=63335.000
[38.5426] [optimize] shared best: worker=1, iter=  190073, score=63335.000
[38.6125] [optimize]  local best: worker=0, iter=  183703, score=82935.000
[39.0000] [optimize worker=0] iter=  188718, current=82935.000, temperature=120.992066, regime=T>0
[39.0001] [optimize worker=3] iter=  196957, current=80002.000, temperature=120.991448, regime=T>0
[39.0001] [optimize worker=1] iter=  196342, current=63335.000, temperature=120.991175, regime=T>0
[39.0010] [optimize worker=2] iter=  195627, current=66668.000, temperature=120.981420, regime=T>0
[40.0000] [optimize worker=2] iter=  208328, current=66668.000, temperature=110.205900, regime=T>0
[40.0002] [optimize worker=1] iter=  209177, current=63335.000, temperature=110.204455, regime=T>0
[40.0002] [optimize worker=3] iter=  209939, current=80002.000, temperature=110.203878, regime=T>0
[40.0004] [optimize worker=0] iter=  201450, current=82935.000, temperature=110.201537, regime=T>0
[41.0000] [optimize worker=1] iter=  221038, current=63335.000, temperature=100.381276, regime=T>0
[41.0001] [optimize worker=0] iter=  213574, current=82935.000, temperature=100.380933, regime=T>0
[41.0002] [optimize worker=2] iter=  220614, current=66668.000, temperature=100.379358, regime=T>0
[41.0005] [optimize worker=3] iter=  221844, current=80002.000, temperature=100.376809, regime=T>0
[41.5924] [optimize]  local best: worker=0, iter=  221426, score=76268.000
[42.0001] [optimize worker=2] iter=  232942, current=66668.000, temperature=91.432309, regime=T>0
[42.0001] [optimize worker=1] iter=  233601, current=63335.000, temperature=91.432291, regime=T>0
[42.0002] [optimize worker=3] iter=  234821, current=80002.000, temperature=91.431055, regime=T>0
[42.0002] [optimize worker=0] iter=  226663, current=76268.000, temperature=91.430809, regime=T>0
[43.0000] [optimize worker=3] iter=  247337, current=80002.000, temperature=83.281769, regime=T>0
[43.0002] [optimize worker=1] iter=  246038, current=63335.000, temperature=83.280212, regime=T>0
[43.0003] [optimize worker=0] iter=  239729, current=76268.000, temperature=83.279352, regime=T>0
[43.0004] [optimize worker=2] iter=  245444, current=66668.000, temperature=83.278840, regime=T>0
[44.0000] [optimize worker=1] iter=  258771, current=63335.000, temperature=75.857384, regime=T>0
[44.0002] [optimize worker=3] iter=  260130, current=80002.000, temperature=75.856146, regime=T>0
[44.0003] [optimize worker=0] iter=  252678, current=76268.000, temperature=75.855386, regime=T>0
[44.0009] [optimize worker=2] iter=  257564, current=66668.000, temperature=75.851361, regime=T>0
[44.3849] [optimize]  local best: worker=1, iter=  263814, score=56668.000
[44.3850] [optimize] shared best: worker=1, iter=  263814, score=56668.000
[45.0001] [optimize worker=3] iter=  272635, current=80002.000, temperature=69.094079, regime=T>0
[45.0001] [optimize worker=1] iter=  271650, current=56668.000, temperature=69.094014, regime=T>0
[45.0002] [optimize worker=0] iter=  265343, current=76268.000, temperature=69.093646, regime=T>0
[45.0005] [optimize worker=2] iter=  270099, current=66668.000, temperature=69.091447, regime=T>0
[46.0001] [optimize worker=1] iter=  285194, current=56668.000, temperature=62.935000, regime=T>0
[46.0002] [optimize worker=0] iter=  278164, current=76268.000, temperature=62.934373, regime=T>0
[46.0005] [optimize worker=3] iter=  285077, current=80002.000, temperature=62.932515, regime=T>0
[46.0006] [optimize worker=2] iter=  283043, current=66668.000, temperature=62.931899, regime=T>0
[47.0000] [optimize worker=1] iter=  298460, current=56668.000, temperature=57.324746, regime=T>0
[47.0001] [optimize worker=2] iter=  295430, current=66668.000, temperature=57.324395, regime=T>0
[47.0002] [optimize worker=3] iter=  298046, current=80002.000, temperature=57.323822, regime=T>0
[47.0008] [optimize worker=0] iter=  291486, current=76268.000, temperature=57.320673, regime=T>0
[47.6967] [optimize worker=0] iter=  300664, accepted=   37924, improved=      13, best_imports=    0, current=76268.000, local_best=76268.000, temp(z1>0)=537.157143->53.715714, temp(z1=0)=1000.000000->100.000000
neighbor stats:
  Large           : selected=  37497, succeeded=   1176 (  3.136%), improved=      7 (  0.595%, avg=   6685.71), accepted=   1130 ( 96.088%), time= 17.467s, avg=  0.466ms
  Shift           : selected= 187856, succeeded= 187856 (100.000%), improved=      2 (  0.001%, avg=   6667.00), accepted=  16715 (  8.898%), time=  1.983s, avg=  0.011ms
  Move            : selected=  37792, succeeded=   8473 ( 22.420%), improved=      5 (  0.059%, avg=   2800.60), accepted=   8473 (100.000%), time=  3.088s, avg=  0.082ms
  Rotate          : selected=  37519, succeeded=  37519 (100.000%), improved=      0 (  0.000%, avg=      0.00), accepted=  11606 ( 30.934%), time=  2.085s, avg=  0.056ms
[47.6969] [optimize worker=1] iter=  307497, accepted=   37768, improved=      20, best_imports=    0, current=56668.000, local_best=56668.000, temp(z1>0)=537.157143->53.715714, temp(z1=0)=1000.000000->100.000000
neighbor stats:
  Large           : selected=  38509, succeeded=   1562 (  4.056%), improved=     13 (  0.832%, avg=   8461.85), accepted=   1469 ( 94.046%), time= 17.469s, avg=  0.454ms
  Shift           : selected= 192118, succeeded= 192118 (100.000%), improved=      3 (  0.002%, avg=   6667.00), accepted=  17819 (  9.275%), time=  1.970s, avg=  0.010ms
  Move            : selected=  38609, succeeded=   7855 ( 20.345%), improved=      3 (  0.038%, avg=   2223.00), accepted=   7855 (100.000%), time=  3.167s, avg=  0.082ms
  Rotate          : selected=  38261, succeeded=  38261 (100.000%), improved=      1 (  0.003%, avg=   6667.00), accepted=  10625 ( 27.770%), time=  2.017s, avg=  0.053ms
[47.6970] [optimize worker=2] iter=  304476, accepted=   34827, improved=      16, best_imports=    0, current=66668.000, local_best=66668.000, temp(z1>0)=537.157143->53.715714, temp(z1=0)=1000.000000->100.000000
neighbor stats:
  Large           : selected=  38245, succeeded=   1634 (  4.272%), improved=     12 (  0.734%, avg=   7767.00), accepted=   1538 ( 94.125%), time= 17.743s, avg=  0.464ms
  Shift           : selected= 190539, succeeded= 190539 (100.000%), improved=      3 (  0.002%, avg=   8889.33), accepted=  14132 (  7.417%), time=  1.861s, avg=  0.010ms
  Move            : selected=  38117, succeeded=   7843 ( 20.576%), improved=      3 (  0.038%, avg=   3422.33), accepted=   7843 (100.000%), time=  3.128s, avg=  0.082ms
  Rotate          : selected=  37575, succeeded=  37575 (100.000%), improved=      0 (  0.000%, avg=      0.00), accepted=  11314 ( 30.110%), time=  1.880s, avg=  0.050ms
[47.6972] [optimize worker=3] iter=  307358, accepted=   31640, improved=      21, best_imports=    0, current=80002.000, local_best=80002.000, temp(z1>0)=537.157143->53.715714, temp(z1=0)=1000.000000->100.000000
neighbor stats:
  Large           : selected=  38448, succeeded=   1067 (  2.775%), improved=      8 (  0.750%, avg=   7433.62), accepted=   1022 ( 95.783%), time= 17.659s, avg=  0.459ms
  Shift           : selected= 192057, succeeded= 192057 (100.000%), improved=      6 (  0.003%, avg=  10000.50), accepted=  12710 (  6.618%), time=  1.885s, avg=  0.010ms
  Move            : selected=  38592, succeeded=   7335 ( 19.007%), improved=      7 (  0.095%, avg=   4152.71), accepted=   7335 (100.000%), time=  3.122s, avg=  0.081ms
  Rotate          : selected=  38261, succeeded=  38261 (100.000%), improved=      0 (  0.000%, avg=      0.00), accepted=  10573 ( 27.634%), time=  1.958s, avg=  0.051ms
[47.6973] [optimize] result: best=56668.000
[47.7877] [expand] best: trial=1, score=122404.000
[47.7913] [expand] best: trial=1, score=234275.000
[47.7913] [expand] best: trial=1, score=221875.000
[47.7924] [expand] best: trial=1, score=242810.000
[47.8003] [expand] best: trial=2, score=171472.000
[47.8094] [expand] best: trial=2, score=221874.000
[47.8098] [expand] best: trial=2, score=216408.000
[47.8241] [expand] best: trial=3, score=197074.000
[47.8351] [expand] best: trial=4, score=165872.000
[47.8772] [expand] best: trial=16, score=115603.000
[47.8920] [expand] best: trial=15, score=216141.000
[47.8954] [expand] best: trial=25, score=97603.000
[47.9142] [expand] best: trial=22, score=197074.000
[47.9169] [expand] best: trial=24, score=165072.000
[47.9204] [expand] best: trial=23, score=178672.000
[47.9821] [expand] best: trial=91, score=90936.000
[47.9828] [expand] best: trial=48, score=154671.000
[47.9902] [expand] best: trial=51, score=128937.000
[48.0808] [expand] best: trial=105, score=148805.000
[48.0866] [expand] best: trial=109, score=146672.000
[48.1918] [expand] best: trial=170, score=163471.000
[48.9781] [expand] best: trial=715, score=162806.000
[49.1242] [expand] best: trial=860, score=140538.000
[49.1336] [expand] best: trial=866, score=122137.000
[50.0259] [expand] finish: trials=1882, score=90936.000
[50.0262] [expand] finish: trials=1684, score=128937.000
[50.0264] [expand] finish: trials=1657, score=122137.000
[50.0265] [expand] finish: trials=1453, score=162806.000
[50.0266] [optimize] horizon=4/8, blocks=75, initial=90936.000, w2=0.000
[50.1436] [optimize]  local best: worker=2, iter=     269, score=156139.000
[50.1838] [optimize]  local best: worker=0, iter=     394, score=122270.000
[50.2475] [optimize]  local best: worker=2, iter=     616, score=153339.000
[50.2990] [optimize]  local best: worker=3, iter=     921, score=115470.000
[50.3524] [optimize]  local best: worker=1, iter=    1070, score=84269.000
[50.3525] [optimize] shared best: worker=1, iter=    1070, score=84269.000
[50.3680] [optimize]  local best: worker=2, iter=    1123, score=133338.000
[50.4517] [optimize]  local best: worker=2, iter=    1643, score=113337.000
[50.5747] [optimize]  local best: worker=2, iter=    2580, score=106670.000
[50.6396] [optimize]  local best: worker=0, iter=    3082, score=116803.000
[50.8714] [optimize]  local best: worker=3, iter=    5052, score=108803.000
[50.9306] [optimize]  local best: worker=0, iter=    5539, score=110136.000
[51.0000] [optimize worker=1] iter=    5869, current=84269.000, temperature=230.570014, regime=T>0
[51.0001] [optimize worker=2] iter=    6494, current=106670.000, temperature=230.513889, regime=T>0
[51.0004] [optimize worker=0] iter=    6025, current=110136.000, temperature=230.510364, regime=T>0
[51.0006] [optimize worker=3] iter=    6024, current=108803.000, temperature=230.508022, regime=T>0
[51.0277] [optimize]  local best: worker=3, iter=    6216, score=107603.000
[51.0942] [optimize]  local best: worker=2, iter=    7319, score=100003.000
[51.1905] [optimize]  local best: worker=0, iter=    7507, score=108936.000
[51.4446] [optimize]  local best: worker=0, iter=    9620, score=102269.000
[51.5929] [optimize]  local best: worker=3, iter=   11433, score=100936.000
[51.9105] [optimize]  local best: worker=2, iter=   15328, score=86669.000
[52.0000] [optimize worker=1] iter=   15916, current=84269.000, temperature=218.873697, regime=T>0
[52.0000] [optimize worker=0] iter=   14148, current=102269.000, temperature=218.822308, regime=T>0
[52.0002] [optimize worker=3] iter=   15276, current=100936.000, temperature=218.820349, regime=T>0
[52.0006] [optimize worker=2] iter=   16126, current=86669.000, temperature=218.815228, regime=T>0
[53.0000] [optimize worker=3] iter=   24542, current=100936.000, temperature=207.722997, regime=T>0
[53.0000] [optimize worker=0] iter=   22845, current=102269.000, temperature=207.722593, regime=T>0
[53.0001] [optimize worker=1] iter=   25864, current=84269.000, temperature=207.769869, regime=T>0
[53.0001] [optimize worker=2] iter=   25796, current=86669.000, temperature=207.721964, regime=T>0
[53.7983] [optimize]  local best: worker=1, iter=   33647, score=78269.000
[53.7984] [optimize] shared best: worker=1, iter=   33647, score=78269.000
[54.0001] [optimize worker=2] iter=   35661, current=86669.000, temperature=197.185707, regime=T>0
[54.0001] [optimize worker=1] iter=   35497, current=78269.000, temperature=197.229665, regime=T>0
[54.0001] [optimize worker=0] iter=   32107, current=102269.000, temperature=197.185398, regime=T>0
[54.0001] [optimize worker=3] iter=   33823, current=100936.000, temperature=197.185135, regime=T>0
[55.0000] [optimize worker=1] iter=   45863, current=78269.000, temperature=187.225405, regime=T>0
[55.0000] [optimize worker=3] iter=   43154, current=100936.000, temperature=187.184476, regime=T>0
[55.0001] [optimize worker=2] iter=   45390, current=86669.000, temperature=187.183900, regime=T>0
[55.0004] [optimize worker=0] iter=   41850, current=102269.000, temperature=187.180868, regime=T>0
[56.0001] [optimize worker=3] iter=   52955, current=100936.000, temperature=177.688664, regime=T>0
[56.0002] [optimize worker=1] iter=   55870, current=78269.000, temperature=177.725474, regime=T>0
[56.0003] [optimize worker=0] iter=   51619, current=102269.000, temperature=177.686975, regime=T>0
[56.0007] [optimize worker=2] iter=   55450, current=86669.000, temperature=177.683474, regime=T>0
[56.9160] [optimize]  local best: worker=1, iter=   65295, score=71602.000
[56.9161] [optimize] shared best: worker=1, iter=   65295, score=71602.000
[57.0000] [optimize worker=1] iter=   66100, current=71602.000, temperature=168.711788, regime=T>0
[57.0001] [optimize worker=0] iter=   61300, current=102269.000, temperature=168.676240, regime=T>0
[57.0001] [optimize worker=3] iter=   62636, current=100936.000, temperature=168.676204, regime=T>0
[57.0009] [optimize worker=2] iter=   65423, current=86669.000, temperature=168.668642, regime=T>0
[57.3369] [optimize]  local best: worker=1, iter=   69563, score=70002.000
[57.3370] [optimize] shared best: worker=1, iter=   69563, score=70002.000
[57.3922] [optimize]  local best: worker=3, iter=   66448, score=100536.000
[58.0001] [optimize worker=3] iter=   72257, current=100536.000, temperature=160.120473, regime=T>0
[58.0002] [optimize worker=2] iter=   75645, current=86669.000, temperature=160.119535, regime=T>0
[58.0003] [optimize worker=1] iter=   75909, current=70002.000, temperature=160.151176, regime=T>0
[58.0003] [optimize worker=0] iter=   70972, current=102269.000, temperature=160.118917, regime=T>0
[58.1177] [optimize]  local best: worker=3, iter=   73313, score=99336.000
[58.2570] [optimize]  local best: worker=0, iter=   73412, score=95602.000
[58.3435] [optimize]  local best: worker=3, iter=   75486, score=92669.000
[58.9813] [optimize]  local best: worker=1, iter=   85665, score=63335.000
[58.9814] [optimize] shared best: worker=1, iter=   85665, score=63335.000
[59.0001] [optimize worker=1] iter=   85877, current=63335.000, temperature=152.028360, regime=T>0
[59.0001] [optimize worker=2] iter=   85780, current=86669.000, temperature=151.997960, regime=T>0
[59.0002] [optimize worker=3] iter=   81983, current=92669.000, temperature=151.997906, regime=T>0
[59.0003] [optimize worker=0] iter=   80973, current=95602.000, temperature=151.996709, regime=T>0
[59.4391] [optimize]  local best: worker=3, iter=   86333, score=86002.000
[59.5584] [optimize]  local best: worker=0, iter=   86537, score=90935.000
[59.7876] [optimize]  local best: worker=0, iter=   88629, score=88935.000
[60.0001] [optimize worker=3] iter=   91726, current=86002.000, temperature=144.288704, regime=T>0
[60.0003] [optimize worker=0] iter=   90653, current=88935.000, temperature=144.287087, regime=T>0
[60.0003] [optimize worker=2] iter=   95401, current=86669.000, temperature=144.286968, regime=T>0
[60.0007] [optimize worker=1] iter=   95885, current=63335.000, temperature=144.311030, regime=T>0
[60.7908] [optimize]  local best: worker=0, iter=   98439, score=82268.000
[61.0000] [optimize worker=0] iter=  100490, current=82268.000, temperature=136.970332, regime=T>0
[61.0000] [optimize worker=2] iter=  105738, current=86669.000, temperature=136.970279, regime=T>0
[61.0001] [optimize worker=3] iter=  101196, current=86002.000, temperature=136.969988, regime=T>0
[61.0001] [optimize worker=1] iter=  105742, current=63335.000, temperature=136.994992, regime=T>0
[62.0000] [optimize worker=1] iter=  115604, current=63335.000, temperature=130.045825, regime=T>0
[62.0001] [optimize worker=0] iter=  110297, current=82268.000, temperature=130.022191, regime=T>0
[62.0002] [optimize worker=2] iter=  115176, current=86669.000, temperature=130.021107, regime=T>0
[62.0004] [optimize worker=3] iter=  110765, current=86002.000, temperature=130.019725, regime=T>0
[62.1617] [optimize]  local best: worker=3, iter=  112427, score=84402.000
[62.3401] [optimize]  local best: worker=3, iter=  113934, score=84002.000
[63.0000] [optimize worker=0] iter=  120002, current=82268.000, temperature=123.427510, regime=T>0
[63.0000] [optimize worker=1] iter=  125721, current=63335.000, temperature=123.448913, regime=T>0
[63.0001] [optimize worker=3] iter=  120024, current=84402.000, temperature=123.427165, regime=T>0
[63.0006] [optimize worker=2] iter=  125176, current=86669.000, temperature=123.423388, regime=T>0
[63.1362] [optimize]  local best: worker=2, iter=  126563, score=80002.000
[63.5111] [optimize]  local best: worker=3, iter=  124858, score=80002.000
[63.8566] [optimize]  local best: worker=2, iter=  133732, score=73335.000
[64.0000] [optimize worker=1] iter=  135926, current=63335.000, temperature=117.186553, regime=T>0
[64.0002] [optimize worker=2] iter=  134991, current=73335.000, temperature=117.165901, regime=T>0
[64.0002] [optimize worker=0] iter=  130227, current=82268.000, temperature=117.165585, regime=T>0
[64.0008] [optimize worker=3] iter=  129589, current=80002.000, temperature=117.162289, regime=T>0
[64.6973] [optimize]  local best: worker=2, iter=  141883, score=66668.000
[65.0000] [optimize worker=0] iter=  140423, current=82268.000, temperature=111.223609, regime=T>0
[65.0001] [optimize worker=2] iter=  144995, current=66668.000, temperature=111.223211, regime=T>0
[65.0001] [optimize worker=1] iter=  145843, current=63335.000, temperature=111.241233, regime=T>0
[65.0002] [optimize worker=3] iter=  139111, current=80002.000, temperature=111.222597, regime=T>0
[65.5288] [optimize]  local best: worker=0, iter=  145692, score=75601.000
[66.0000] [optimize worker=2] iter=  155070, current=66668.000, temperature=105.582080, regime=T>0
[66.0000] [optimize worker=3] iter=  148866, current=80002.000, temperature=105.582086, regime=T>0
[66.0000] [optimize worker=1] iter=  155920, current=63335.000, temperature=105.598606, regime=T>0
[66.0007] [optimize worker=0] iter=  150667, current=75601.000, temperature=105.578227, regime=T>0
[67.0000] [optimize worker=1] iter=  165929, current=63335.000, temperature=100.241686, regime=T>0
[67.0003] [optimize worker=3] iter=  158551, current=80002.000, temperature=100.225280, regime=T>0
[67.0003] [optimize worker=0] iter=  160670, current=75601.000, temperature=100.225193, regime=T>0
[67.0008] [optimize worker=2] iter=  164970, current=66668.000, temperature=100.222420, regime=T>0
[68.0000] [optimize worker=0] iter=  170738, current=75601.000, temperature=95.142656, regime=T>0
[68.0000] [optimize worker=3] iter=  168437, current=80002.000, temperature=95.142567, regime=T>0
[68.0002] [optimize worker=2] iter=  175217, current=66668.000, temperature=95.141584, regime=T>0
[68.0006] [optimize worker=1] iter=  175835, current=63335.000, temperature=95.153697, regime=T>0
[69.0000] [optimize worker=1] iter=  185971, current=63335.000, temperature=90.329433, regime=T>0
[69.0001] [optimize worker=3] iter=  178147, current=80002.000, temperature=90.316261, regime=T>0
[69.0001] [optimize worker=0] iter=  180524, current=75601.000, temperature=90.316115, regime=T>0
[69.0007] [optimize worker=2] iter=  185496, current=66668.000, temperature=90.313547, regime=T>0
[70.0000] [optimize worker=1] iter=  195989, current=63335.000, temperature=85.747091, regime=T>0
[70.0001] [optimize worker=0] iter=  190683, current=75601.000, temperature=85.735342, regime=T>0
[70.0002] [optimize worker=3] iter=  188365, current=80002.000, temperature=85.734937, regime=T>0
[70.0005] [optimize worker=2] iter=  195675, current=66668.000, temperature=85.733589, regime=T>0
[71.0000] [optimize worker=0] iter=  200547, current=75601.000, temperature=81.386789, regime=T>0
[71.0000] [optimize worker=2] iter=  206075, current=66668.000, temperature=81.386694, regime=T>0
[71.0004] [optimize worker=1] iter=  206178, current=63335.000, temperature=81.395719, regime=T>0
[71.0005] [optimize worker=3] iter=  198090, current=80002.000, temperature=81.384596, regime=T>0
[72.0000] [optimize worker=1] iter=  216548, current=63335.000, temperature=77.268134, regime=T>0
[72.0000] [optimize worker=0] iter=  210314, current=75601.000, temperature=77.258529, regime=T>0
[72.0004] [optimize worker=2] iter=  216013, current=66668.000, temperature=77.256934, regime=T>0
[72.0008] [optimize worker=3] iter=  208195, current=80002.000, temperature=77.255266, regime=T>0
[73.0001] [optimize worker=0] iter=  220244, current=75601.000, temperature=73.339390, regime=T>0
[73.0002] [optimize worker=2] iter=  225953, current=66668.000, temperature=73.339145, regime=T>0
[73.0005] [optimize worker=1] iter=  226717, current=63335.000, temperature=73.346415, regime=T>0
[73.0006] [optimize worker=3] iter=  217800, current=80002.000, temperature=73.337548, regime=T>0
[74.0000] [optimize worker=2] iter=  236504, current=66668.000, temperature=69.619669, regime=T>0
[74.0000] [optimize worker=3] iter=  227948, current=80002.000, temperature=69.619667, regime=T>0
[74.0001] [optimize worker=1] iter=  236764, current=63335.000, temperature=69.627062, regime=T>0
[74.0004] [optimize worker=0] iter=  230439, current=75601.000, temperature=69.618178, regime=T>0
[75.0001] [optimize worker=0] iter=  240056, current=75601.000, temperature=66.088004, regime=T>0
[75.0001] [optimize worker=2] iter=  246744, current=66668.000, temperature=66.087848, regime=T>0
[75.0004] [optimize worker=3] iter=  237586, current=80002.000, temperature=66.086932, regime=T>0
[75.0006] [optimize worker=1] iter=  246940, current=63335.000, temperature=66.093472, regime=T>0
[76.0000] [optimize worker=2] iter=  257083, current=66668.000, temperature=62.736097, regime=T>0
[76.0001] [optimize worker=0] iter=  249998, current=75601.000, temperature=62.735923, regime=T>0
[76.0001] [optimize worker=1] iter=  257091, current=63335.000, temperature=62.742193, regime=T>0
[76.0005] [optimize worker=3] iter=  247430, current=80002.000, temperature=62.734658, regime=T>0
[77.0000] [optimize worker=0] iter=  259773, current=75601.000, temperature=59.553905, regime=T>0
[77.0001] [optimize worker=1] iter=  266953, current=63335.000, temperature=59.559270, regime=T>0
[77.0002] [optimize worker=3] iter=  257156, current=80002.000, temperature=59.553424, regime=T>0
[77.0004] [optimize worker=2] iter=  266601, current=66668.000, temperature=59.552729, regime=T>0
[78.0000] [optimize worker=3] iter=  267013, current=80002.000, temperature=56.533112, regime=T>0
[78.0001] [optimize worker=2] iter=  276747, current=66668.000, temperature=56.532766, regime=T>0
[78.0001] [optimize worker=0] iter=  269537, current=75601.000, temperature=56.532944, regime=T>0
[78.0002] [optimize worker=1] iter=  276945, current=63335.000, temperature=56.537699, regime=T>0
[79.0000] [optimize worker=2] iter=  286603, current=66668.000, temperature=53.665592, regime=T>0
[79.0000] [optimize worker=1] iter=  286713, current=63335.000, temperature=53.670123, regime=T>0
[79.0000] [optimize worker=0] iter=  279668, current=75601.000, temperature=53.665527, regime=T>0
[79.0000] [optimize worker=3] iter=  276878, current=80002.000, temperature=53.665524, regime=T>0
[80.0001] [optimize worker=2] iter=  296431, current=66668.000, temperature=50.943289, regime=T>0
[80.0003] [optimize worker=1] iter=  296665, current=63335.000, temperature=50.946686, regime=T>0
[80.0004] [optimize worker=3] iter=  286873, current=80002.000, temperature=50.942551, regime=T>0
[80.0005] [optimize worker=0] iter=  289795, current=75601.000, temperature=50.942031, regime=T>0
[81.0000] [optimize worker=2] iter=  306436, current=66668.000, temperature=48.359434, regime=T>0
[81.0000] [optimize worker=1] iter=  306508, current=63335.000, temperature=48.362995, regime=T>0
[81.0002] [optimize worker=3] iter=  296928, current=80002.000, temperature=48.359006, regime=T>0
[81.0007] [optimize worker=0] iter=  300081, current=75601.000, temperature=48.357614, regime=T>0
[82.0002] [optimize worker=3] iter=  306793, current=80002.000, temperature=45.906066, regime=T>0
[82.0003] [optimize worker=0] iter=  310081, current=75601.000, temperature=45.905824, regime=T>0
[82.0003] [optimize worker=2] iter=  316569, current=66668.000, temperature=45.905741, regime=T>0
[82.0008] [optimize worker=1] iter=  316553, current=63335.000, temperature=45.907719, regime=T>0
[83.0000] [optimize worker=0] iter=  320078, current=75601.000, temperature=43.577958, regime=T>0
[83.0000] [optimize worker=1] iter=  326420, current=63335.000, temperature=43.580673, regime=T>0
[83.0000] [optimize worker=3] iter=  316767, current=80002.000, temperature=43.577874, regime=T>0
[83.0000] [optimize worker=2] iter=  326706, current=66668.000, temperature=43.577867, regime=T>0
[84.0000] [optimize worker=2] iter=  336877, current=66668.000, temperature=41.367481, regime=T>0
[84.0001] [optimize worker=3] iter=  326714, current=80002.000, temperature=41.367426, regime=T>0
[84.0001] [optimize worker=0] iter=  330019, current=75601.000, temperature=41.367258, regime=T>0
[84.0002] [optimize worker=1] iter=  336585, current=63335.000, temperature=41.369469, regime=T>0
[85.0000] [optimize worker=0] iter=  339774, current=75601.000, temperature=39.269194, regime=T>0
[85.0000] [optimize worker=2] iter=  347045, current=66668.000, temperature=39.269194, regime=T>0
[85.0000] [optimize worker=1] iter=  347030, current=63335.000, temperature=39.271173, regime=T>0
[85.0004] [optimize worker=3] iter=  337079, current=80002.000, temperature=39.268367, regime=T>0
[86.0000] [optimize worker=0] iter=  349869, current=75601.000, temperature=37.277337, regime=T>0
[86.0000] [optimize worker=2] iter=  357190, current=66668.000, temperature=37.277335, regime=T>0
[86.0001] [optimize worker=3] iter=  346844, current=80002.000, temperature=37.277157, regime=T>0
[86.0007] [optimize worker=1] iter=  356732, current=63335.000, temperature=37.277687, regime=T>0
[87.0003] [optimize worker=1] iter=  366692, current=63335.000, temperature=35.387412, regime=T>0
[87.0003] [optimize worker=0] iter=  359661, current=75601.000, temperature=35.385981, regime=T>0
[87.0005] [optimize worker=3] iter=  356497, current=80002.000, temperature=35.385687, regime=T>0
[87.0011] [optimize worker=2] iter=  367169, current=66668.000, temperature=35.384546, regime=T>0
[88.0000] [optimize worker=3] iter=  366123, current=80002.000, temperature=33.591530, regime=T>0
[88.0001] [optimize worker=0] iter=  369622, current=75601.000, temperature=33.591438, regime=T>0
[88.0001] [optimize worker=1] iter=  376683, current=63335.000, temperature=33.592605, regime=T>0
[88.0002] [optimize worker=2] iter=  377165, current=66668.000, temperature=33.591260, regime=T>0
[89.0000] [optimize worker=0] iter=  379469, current=75601.000, temperature=31.887656, regime=T>0
[89.0006] [optimize worker=2] iter=  387012, current=66668.000, temperature=31.886798, regime=T>0
[89.0007] [optimize worker=1] iter=  386774, current=63335.000, temperature=31.887520, regime=T>0
[89.0008] [optimize worker=3] iter=  376000, current=80002.000, temperature=31.886429, regime=T>0
[90.0000] [optimize worker=2] iter=  396860, current=66668.000, temperature=30.270221, regime=T>0
[90.0000] [optimize worker=3] iter=  386175, current=80002.000, temperature=30.270198, regime=T>0
[90.0001] [optimize worker=0] iter=  389714, current=75601.000, temperature=30.270112, regime=T>0
[90.0001] [optimize worker=1] iter=  396850, current=63335.000, temperature=30.270740, regime=T>0
[91.0000] [optimize worker=1] iter=  406939, current=63335.000, temperature=28.735298, regime=T>0
[91.0001] [optimize worker=3] iter=  396029, current=80002.000, temperature=28.734710, regime=T>0
[91.0002] [optimize worker=0] iter=  399457, current=75601.000, temperature=28.734515, regime=T>0
[91.0005] [optimize worker=2] iter=  406925, current=66668.000, temperature=28.734066, regime=T>0
[92.0000] [optimize worker=3] iter=  405565, current=80002.000, temperature=27.277310, regime=T>0
[92.0001] [optimize worker=1] iter=  416511, current=63335.000, temperature=27.277494, regime=T>0
[92.0000] [optimize worker=0] iter=  409342, current=75601.000, temperature=27.277260, regime=T>0
[92.0002] [optimize worker=2] iter=  416973, current=66668.000, temperature=27.277051, regime=T>0
[93.0000] [optimize worker=3] iter=  415610, current=80002.000, temperature=25.893697, regime=T>0
[93.0003] [optimize worker=1] iter=  426532, current=63335.000, temperature=25.893555, regime=T>0
[93.0004] [optimize worker=0] iter=  419239, current=75601.000, temperature=25.893208, regime=T>0
[93.0004] [optimize worker=2] iter=  426899, current=66668.000, temperature=25.893207, regime=T>0
[94.0001] [optimize worker=2] iter=  437362, current=66668.000, temperature=24.580160, regime=T>0
[94.0002] [optimize worker=1] iter=  436510, current=63335.000, temperature=24.580013, regime=T>0
[94.0003] [optimize worker=3] iter=  425240, current=80002.000, temperature=24.579884, regime=T>0
[94.0005] [optimize worker=0] iter=  429114, current=75601.000, temperature=24.579638, regime=T>0
[94.2608] [optimize worker=0] iter=  431584, accepted=   48442, improved=      10, best_imports=    0, current=75601.000, local_best=75601.000, temp(z1>0)=242.496000->24.249600, temp(z1=0)=1000.000000->100.000000
neighbor stats:
  Large           : selected=  53954, succeeded=   2998 (  5.557%), improved=      8 (  0.267%, avg=   5583.62), accepted=   2900 ( 96.731%), time= 30.595s, avg=  0.567ms
  Shift           : selected= 270030, succeeded= 270030 (100.000%), improved=      1 (  0.000%, avg=   6667.00), accepted=  19192 (  7.107%), time=  4.000s, avg=  0.015ms
  Move            : selected=  53919, succeeded=  11466 ( 21.265%), improved=      1 (  0.009%, avg=   2000.00), accepted=  11466 (100.000%), time=  5.215s, avg=  0.097ms
  Rotate          : selected=  53681, succeeded=  53681 (100.000%), improved=      0 (  0.000%, avg=      0.00), accepted=  14884 ( 27.727%), time=  4.367s, avg=  0.081ms
[94.2609] [optimize worker=1] iter=  439220, accepted=   48362, improved=       5, best_imports=    0, current=63335.000, local_best=63335.000, temp(z1>0)=242.496000->24.249600, temp(z1=0)=1000.000000->100.000000
neighbor stats:
  Large           : selected=  54777, succeeded=   3605 (  6.581%), improved=      5 (  0.139%, avg=   5520.20), accepted=   3495 ( 96.949%), time= 30.497s, avg=  0.557ms
  Shift           : selected= 274069, succeeded= 274069 (100.000%), improved=      0 (  0.000%, avg=      0.00), accepted=  19784 (  7.219%), time=  4.123s, avg=  0.015ms
  Move            : selected=  55242, succeeded=  10393 ( 18.814%), improved=      0 (  0.000%, avg=      0.00), accepted=  10393 (100.000%), time=  5.346s, avg=  0.097ms
  Rotate          : selected=  55132, succeeded=  55132 (100.000%), improved=      0 (  0.000%, avg=      0.00), accepted=  14690 ( 26.645%), time=  4.206s, avg=  0.076ms
[94.2611] [optimize worker=2] iter=  439936, accepted=   35723, improved=      10, best_imports=    0, current=66668.000, local_best=66668.000, temp(z1>0)=242.496000->24.249600, temp(z1=0)=1000.000000->100.000000
neighbor stats:
  Large           : selected=  55048, succeeded=   2647 (  4.809%), improved=      7 (  0.264%, avg=  10876.71), accepted=   2532 ( 95.655%), time= 31.236s, avg=  0.567ms
  Shift           : selected= 274521, succeeded= 274521 (100.000%), improved=      2 (  0.001%, avg=   6667.00), accepted=  13646 (  4.971%), time=  3.735s, avg=  0.014ms
  Move            : selected=  55358, succeeded=   8191 ( 14.796%), improved=      1 (  0.012%, avg=   6667.00), accepted=   8191 (100.000%), time=  5.255s, avg=  0.095ms
  Rotate          : selected=  55009, succeeded=  55009 (100.000%), improved=      0 (  0.000%, avg=      0.00), accepted=  11354 ( 20.640%), time=  3.951s, avg=  0.072ms
[94.2612] [optimize worker=3] iter=  427726, accepted=   44123, improved=      11, best_imports=    0, current=80002.000, local_best=80002.000, temp(z1>0)=242.496000->24.249600, temp(z1=0)=1000.000000->100.000000
neighbor stats:
  Large           : selected=  53759, succeeded=   2796 (  5.201%), improved=      7 (  0.250%, avg=   3047.71), accepted=   2690 ( 96.209%), time= 31.158s, avg=  0.580ms
  Shift           : selected= 266906, succeeded= 266906 (100.000%), improved=      2 (  0.001%, avg=   6667.00), accepted=  18670 (  6.995%), time=  3.822s, avg=  0.014ms
  Move            : selected=  53541, succeeded=   9667 ( 18.055%), improved=      2 (  0.021%, avg=   3933.50), accepted=   9667 (100.000%), time=  5.185s, avg=  0.097ms
  Rotate          : selected=  53520, succeeded=  53520 (100.000%), improved=      0 (  0.000%, avg=      0.00), accepted=  13096 ( 24.469%), time=  4.013s, avg=  0.075ms
[94.2614] [optimize] result: best=63335.000
[94.3425] [expand] best: trial=1, score=304143.000
[94.3538] [expand] best: trial=1, score=273744.000
[94.3559] [expand] best: trial=1, score=280944.000
[94.3700] [expand] best: trial=1, score=332545.000
[94.3784] [expand] best: trial=2, score=294811.000
[94.3866] [expand] best: trial=4, score=299609.000
[94.3940] [expand] best: trial=4, score=225474.000
[94.4034] [expand] best: trial=7, score=277608.000
[94.4168] [expand] best: trial=7, score=234543.000
[94.4260] [expand] best: trial=13, score=264274.000
[94.4362] [expand] best: trial=11, score=268144.000
[94.4541] [expand] best: trial=14, score=235075.000
[94.4609] [expand] best: trial=27, score=226274.000
[94.4923] [expand] best: trial=27, score=217608.000
[94.5127] [expand] best: trial=37, score=200807.000
[94.5472] [expand] best: trial=73, score=222007.000
[94.5672] [expand] best: trial=76, score=217608.000
[94.7554] [expand] best: trial=179, score=216676.000
[94.9537] [expand] best: trial=341, score=215208.000
[95.2068] [expand] best: trial=514, score=215073.000
[95.2207] [expand] best: trial=512, score=262942.000
[95.3890] [expand] best: trial=624, score=253075.000
[95.4389] [expand] best: trial=679, score=208807.000
[96.0749] [expand] best: trial=998, score=199207.000
[96.2153] [expand] best: trial=1262, score=208541.000
[96.8427] [expand] best: trial=1567, score=196674.000
[96.9073] [expand] best: trial=1572, score=190940.000
[97.8412] [expand] finish: trials=2275, score=190940.000
[97.8413] [expand] finish: trials=2473, score=208541.000
[97.8420] [expand] finish: trials=2369, score=253075.000
[97.8432] [expand] finish: trials=2258, score=196674.000
[97.8433] [optimize] horizon=5/8, blocks=93, initial=190940.000, w2=0.000
[97.9117] [optimize]  local best: worker=3, iter=     179, score=190007.000
[97.9118] [optimize] shared best: worker=3, iter=     179, score=190007.000
[97.9412] [optimize]  local best: worker=0, iter=     204, score=246408.000
[98.0000] [optimize worker=3] iter=     551, current=190007.000, temperature=408.452117, regime=T>0
[98.0000] [optimize worker=2] iter=     571, current=208541.000, temperature=408.451866, regime=T>0
[98.0001] [optimize worker=1] iter=     454, current=190940.000, temperature=408.450893, regime=T>0
[98.0017] [optimize worker=0] iter=     477, current=246408.000, temperature=408.428881, regime=T>0
[98.7466] [optimize]  local best: worker=1, iter=    5573, score=184273.000
[98.7471] [optimize] shared best: worker=1, iter=    5573, score=184273.000
[99.0000] [optimize worker=1] iter=    7456, current=184273.000, temperature=394.855795, regime=T>0
[99.0002] [optimize worker=2] iter=    7530, current=208541.000, temperature=394.853235, regime=T>0
[99.0006] [optimize worker=3] iter=    7418, current=190007.000, temperature=394.847311, regime=T>0
[99.0010] [optimize worker=0] iter=    6771, current=246408.000, temperature=394.842058, regime=T>0
[99.1470] [optimize]  local best: worker=1, iter=    8457, score=183607.000
[99.1471] [optimize] shared best: worker=1, iter=    8457, score=183607.000
[99.3151] [optimize]  local best: worker=2, iter=   10120, score=201208.000
[99.5754] [optimize]  local best: worker=1, iter=   11372, score=164406.000
[99.5754] [optimize] shared best: worker=1, iter=   11372, score=164406.000
[99.7060] [optimize]  local best: worker=0, iter=   12000, score=164406.000
[99.7136] [optimize]  local best: worker=3, iter=   13210, score=176673.000
[99.8157] [optimize]  local best: worker=3, iter=   14010, score=156672.000
[99.8158] [optimize] shared best: worker=3, iter=   14010, score=156672.000
[99.8187] [optimize]  local best: worker=1, iter=   13150, score=161739.000
[100.0000] [optimize worker=1] iter=   14354, current=161739.000, temperature=381.711732, regime=T>0
[100.0001] [optimize worker=2] iter=   15452, current=201208.000, temperature=381.710499, regime=T>0
[100.0005] [optimize worker=0] iter=   14456, current=164406.000, temperature=381.705342, regime=T>0
[100.0007] [optimize worker=3] iter=   15343, current=156672.000, temperature=381.702408, regime=T>0
[100.1733] [optimize]  local best: worker=1, iter=   15655, score=159606.000
[100.9010] [optimize]  local best: worker=1, iter=   21693, score=152939.000
[100.9011] [optimize] shared best: worker=1, iter=   21693, score=152939.000
[101.0000] [optimize worker=3] iter=   23454, current=156672.000, temperature=369.004498, regime=T>0
[101.0003] [optimize worker=0] iter=   22785, current=164406.000, temperature=369.001511, regime=T>0
[101.0003] [optimize worker=2] iter=   23895, current=201208.000, temperature=369.000742, regime=T>0
[101.0011] [optimize worker=1] iter=   22601, current=152939.000, temperature=368.992035, regime=T>0
[101.0683] [optimize]  local best: worker=1, iter=   23207, score=128404.000
[101.0683] [optimize] shared best: worker=1, iter=   23207, score=128404.000
[101.2425] [optimize]  local best: worker=2, iter=   26000, score=128404.000
[101.5944] [optimize]  local best: worker=3, iter=   28138, score=154539.000
[101.7036] [optimize]  local best: worker=1, iter=   28330, score=120804.000
[101.7037] [optimize] shared best: worker=1, iter=   28330, score=120804.000
[102.0000] [optimize worker=3] iter=   31460, current=154539.000, temperature=356.721406, regime=T>0
[102.0000] [optimize worker=1] iter=   30692, current=120804.000, temperature=356.721381, regime=T>0
[102.0001] [optimize worker=0] iter=   31069, current=164406.000, temperature=356.719512, regime=T>0
[102.0005] [optimize worker=2] iter=   32317, current=128404.000, temperature=356.714943, regime=T>0
[102.3356] [optimize]  local best: worker=2, iter=   35090, score=124004.000
[102.3972] [optimize]  local best: worker=2, iter=   35730, score=122004.000
[103.0000] [optimize worker=0] iter=   39262, current=164406.000, temperature=344.846108, regime=T>0
[103.0001] [optimize worker=3] iter=   39651, current=154539.000, temperature=344.845801, regime=T>0
[103.0002] [optimize worker=1] iter=   39362, current=120804.000, temperature=344.844907, regime=T>0
[103.0007] [optimize worker=2] iter=   41042, current=122004.000, temperature=344.838221, regime=T>0
[104.0000] [optimize worker=1] iter=   48120, current=120804.000, temperature=333.367201, regime=T>0
[104.0002] [optimize worker=0] iter=   47311, current=164406.000, temperature=333.365215, regime=T>0
[104.0002] [optimize worker=2] iter=   49732, current=122004.000, temperature=333.364773, regime=T>0
[104.0004] [optimize worker=3] iter=   47847, current=154539.000, temperature=333.362798, regime=T>0
[104.8785] [optimize]  local best: worker=2, iter=   57298, score=113204.000
[104.8785] [optimize] shared best: worker=2, iter=   57298, score=113204.000
[105.0001] [optimize worker=0] iter=   55601, current=164406.000, temperature=322.269326, regime=T>0
[105.0001] [optimize worker=1] iter=   56548, current=120804.000, temperature=322.269263, regime=T>0
[105.0002] [optimize worker=3] iter=   55926, current=154539.000, temperature=322.267393, regime=T>0
[105.0005] [optimize worker=2] iter=   58394, current=113204.000, temperature=322.265028, regime=T>0
[106.0000] [optimize worker=0] iter=   63538, current=164406.000, temperature=311.541716, regime=T>0
[106.0000] [optimize worker=1] iter=   65067, current=120804.000, temperature=311.541808, regime=T>0
[106.0000] [optimize worker=3] iter=   64141, current=154539.000, temperature=311.541721, regime=T>0
[106.0002] [optimize worker=2] iter=   67212, current=113204.000, temperature=311.539794, regime=T>0
[106.3721] [optimize]  local best: worker=0, iter=   66660, score=157739.000
[106.5021] [optimize]  local best: worker=0, iter=   67677, score=146805.000
[107.0000] [optimize worker=0] iter=   71872, current=146805.000, temperature=301.170891, regime=T>0
[107.0001] [optimize worker=2] iter=   75686, current=113204.000, temperature=301.170614, regime=T>0
[107.0003] [optimize worker=1] iter=   73385, current=120804.000, temperature=301.168582, regime=T>0
[107.0007] [optimize worker=3] iter=   72517, current=154539.000, temperature=301.164697, regime=T>0
[107.7022] [optimize]  local best: worker=0, iter=   77899, score=140138.000
[108.0001] [optimize worker=3] iter=   80831, current=154539.000, temperature=291.145118, regime=T>0
[108.0001] [optimize worker=2] iter=   84468, current=113204.000, temperature=291.144975, regime=T>0
[108.0004] [optimize worker=1] iter=   82143, current=120804.000, temperature=291.142145, regime=T>0
[108.0007] [optimize worker=0] iter=   80517, current=140138.000, temperature=291.139136, regime=T>0
[108.6802] [optimize]  local best: worker=0, iter=   86195, score=138938.000
[109.0000] [optimize worker=2] iter=   92910, current=113204.000, temperature=281.453933, regime=T>0
[109.0000] [optimize worker=3] iter=   88992, current=154539.000, temperature=281.453698, regime=T>0
[109.0000] [optimize worker=0] iter=   88838, current=138938.000, temperature=281.453484, regime=T>0
[109.0009] [optimize worker=1] iter=   90975, current=120804.000, temperature=281.445673, regime=T>0
[110.0000] [optimize worker=3] iter=   97211, current=154539.000, temperature=272.084795, regime=T>0
[110.0001] [optimize worker=0] iter=   97728, current=138938.000, temperature=272.083661, regime=T>0
[110.0001] [optimize worker=1] iter=   99287, current=120804.000, temperature=272.084258, regime=T>0
[110.0012] [optimize worker=2] iter=  101473, current=113204.000, temperature=272.073415, regime=T>0
[111.0000] [optimize worker=0] iter=  106294, current=138938.000, temperature=263.027335, regime=T>0
[111.0002] [optimize worker=1] iter=  107536, current=120804.000, temperature=263.026155, regime=T>0
[111.0003] [optimize worker=2] iter=  109883, current=113204.000, temperature=263.025090, regime=T>0
[111.0005] [optimize worker=3] iter=  105468, current=154539.000, temperature=263.022726, regime=T>0
[112.0000] [optimize worker=0] iter=  115116, current=138938.000, temperature=254.271679, regime=T>0
[112.0005] [optimize worker=2] iter=  118613, current=113204.000, temperature=254.267664, regime=T>0
[112.0006] [optimize worker=1] iter=  116390, current=120804.000, temperature=254.266785, regime=T>0
[112.0011] [optimize worker=3] iter=  113741, current=154539.000, temperature=254.262422, regime=T>0
[113.0000] [optimize worker=1] iter=  125289, current=120804.000, temperature=245.807293, regime=T>0
[113.0003] [optimize worker=2] iter=  127050, current=113204.000, temperature=245.804602, regime=T>0
[113.0004] [optimize worker=3] iter=  121929, current=154539.000, temperature=245.804308, regime=T>0
[113.0007] [optimize worker=0] iter=  123741, current=138938.000, temperature=245.801851, regime=T>0
[114.0000] [optimize worker=2] iter=  135912, current=113204.000, temperature=237.624844, regime=T>0
[114.0000] [optimize worker=1] iter=  134029, current=120804.000, temperature=237.624924, regime=T>0
[114.0000] [optimize worker=0] iter=  132674, current=138938.000, temperature=237.624756, regime=T>0
[114.0003] [optimize worker=3] iter=  130318, current=154539.000, temperature=237.622526, regime=T>0
[115.0000] [optimize worker=1] iter=  142961, current=120804.000, temperature=229.714795, regime=T>0
[115.0001] [optimize worker=0] iter=  141081, current=138938.000, temperature=229.713754, regime=T>0
[115.0000] [optimize worker=3] iter=  138537, current=154539.000, temperature=229.714505, regime=T>0
[115.0004] [optimize worker=2] iter=  144353, current=113204.000, temperature=229.711601, regime=T>0
[116.0000] [optimize worker=3] iter=  146918, current=154539.000, temperature=222.067897, regime=T>0
[116.0000] [optimize worker=0] iter=  149747, current=138938.000, temperature=222.067753, regime=T>0
[116.0001] [optimize worker=2] iter=  153052, current=113204.000, temperature=222.067320, regime=T>0
[116.0011] [optimize worker=1] iter=  151857, current=120804.000, temperature=222.059483, regime=T>0
[117.0000] [optimize worker=3] iter=  155142, current=154539.000, temperature=214.675242, regime=T>0
[117.0002] [optimize worker=2] iter=  161681, current=113204.000, temperature=214.673899, regime=T>0
[117.0006] [optimize worker=1] iter=  160523, current=120804.000, temperature=214.671478, regime=T>0
[117.0012] [optimize worker=0] iter=  158221, current=138938.000, temperature=214.666810, regime=T>0
[118.0000] [optimize worker=1] iter=  169172, current=120804.000, temperature=207.529363, regime=T>0
[118.0000] [optimize worker=2] iter=  170403, current=113204.000, temperature=207.529143, regime=T>0
[118.0002] [optimize worker=0] iter=  166755, current=138938.000, temperature=207.528169, regime=T>0
[118.0002] [optimize worker=3] iter=  163561, current=154539.000, temperature=207.527989, regime=T>0
[119.0001] [optimize worker=2] iter=  179007, current=113204.000, temperature=200.620275, regime=T>0
[119.0004] [optimize worker=1] iter=  177945, current=120804.000, temperature=200.618678, regime=T>0
[119.0004] [optimize worker=3] iter=  171612, current=154539.000, temperature=200.618199, regime=T>0
[119.0009] [optimize worker=0] iter=  175383, current=138938.000, temperature=200.614970, regime=T>0
[119.0358] [optimize]  local best: worker=0, iter=  175602, score=132271.000
[119.9235] [optimize]  local best: worker=0, iter=  183294, score=125604.000
[120.0000] [optimize worker=0] iter=  183931, current=125604.000, temperature=193.942441, regime=T>0
[120.0002] [optimize worker=3] iter=  179744, current=154539.000, temperature=193.941603, regime=T>0
[120.0003] [optimize worker=2] iter=  187407, current=113204.000, temperature=193.940990, regime=T>0
[120.0009] [optimize worker=1] iter=  186827, current=120804.000, temperature=193.936935, regime=T>0
[120.6776] [optimize]  local best: worker=1, iter=  192494, score=119871.000
[120.8116] [optimize]  local best: worker=1, iter=  193630, score=113204.000
[121.0000] [optimize worker=3] iter=  187849, current=154539.000, temperature=187.486612, regime=T>0
[121.0000] [optimize worker=1] iter=  195209, current=113204.000, temperature=187.486504, regime=T>0
[121.0001] [optimize worker=2] iter=  195981, current=113204.000, temperature=187.485955, regime=T>0
[121.0010] [optimize worker=0] iter=  192490, current=125604.000, temperature=187.480265, regime=T>0
[122.0000] [optimize worker=2] iter=  204618, current=113204.000, temperature=181.245421, regime=T>0
[122.0000] [optimize worker=3] iter=  195609, current=154539.000, temperature=181.245389, regime=T>0
[122.0004] [optimize worker=1] iter=  203671, current=113204.000, temperature=181.243332, regime=T>0
[122.0011] [optimize worker=0] iter=  200472, current=125604.000, temperature=181.238392, regime=T>0
[123.0000] [optimize worker=3] iter=  204119, current=154539.000, temperature=175.211878, regime=T>0
[123.0001] [optimize worker=1] iter=  212654, current=113204.000, temperature=175.211690, regime=T>0
[123.0002] [optimize worker=2] iter=  213079, current=113204.000, temperature=175.210827, regime=T>0
[123.0004] [optimize worker=0] iter=  208550, current=125604.000, temperature=175.209855, regime=T>0
[124.0000] [optimize worker=0] iter=  217360, current=125604.000, temperature=169.379416, regime=T>0
[124.0000] [optimize worker=2] iter=  221573, current=113204.000, temperature=169.379285, regime=T>0
[124.0000] [optimize worker=1] iter=  221492, current=113204.000, temperature=169.379319, regime=T>0
[124.0002] [optimize worker=3] iter=  212657, current=154539.000, temperature=169.378423, regime=T>0
[125.0000] [optimize worker=2] iter=  230398, current=113204.000, temperature=163.741061, regime=T>0
[125.0001] [optimize worker=3] iter=  221063, current=154539.000, temperature=163.740448, regime=T>0
[125.0001] [optimize worker=0] iter=  225955, current=125604.000, temperature=163.740653, regime=T>0
[125.0005] [optimize worker=1] iter=  230121, current=113204.000, temperature=163.738665, regime=T>0
[126.0002] [optimize worker=0] iter=  234953, current=125604.000, temperature=158.289266, regime=T>0
[126.0003] [optimize worker=3] iter=  229562, current=154539.000, temperature=158.288899, regime=T>0
[126.0004] [optimize worker=2] iter=  238943, current=113204.000, temperature=158.288067, regime=T>0
[126.0009] [optimize worker=1] iter=  238916, current=113204.000, temperature=158.285453, regime=T>0
[127.0000] [optimize worker=2] iter=  247745, current=113204.000, temperature=153.021088, regime=T>0
[127.0001] [optimize worker=3] iter=  237851, current=154539.000, temperature=153.020821, regime=T>0
[127.0001] [optimize worker=1] iter=  247926, current=113204.000, temperature=153.020724, regime=T>0
[127.0006] [optimize worker=0] iter=  243395, current=125604.000, temperature=153.018299, regime=T>0
[127.7305] [optimize]  local best: worker=0, iter=  249958, score=118937.000
[128.0002] [optimize worker=2] iter=  256416, current=113204.000, temperature=147.926163, regime=T>0
[128.0003] [optimize worker=3] iter=  246840, current=154539.000, temperature=147.926099, regime=T>0
[128.0005] [optimize worker=1] iter=  256732, current=113204.000, temperature=147.924762, regime=T>0
[128.0007] [optimize worker=0] iter=  252236, current=118937.000, temperature=147.924020, regime=T>0
[129.0003] [optimize worker=2] iter=  265432, current=113204.000, temperature=143.001761, regime=T>0
[129.0004] [optimize worker=3] iter=  255182, current=154539.000, temperature=143.001164, regime=T>0
[129.0004] [optimize worker=1] iter=  265816, current=113204.000, temperature=143.001070, regime=T>0
[129.0007] [optimize worker=0] iter=  260658, current=118937.000, temperature=142.999920, regime=T>0
[130.0004] [optimize worker=2] iter=  274071, current=113204.000, temperature=138.240878, regime=T>0
[130.0008] [optimize worker=3] iter=  263462, current=154539.000, temperature=138.238842, regime=T>0
[130.0009] [optimize worker=1] iter=  275054, current=113204.000, temperature=138.238693, regime=T>0
[130.0009] [optimize worker=0] iter=  269250, current=118937.000, temperature=138.238614, regime=T>0
[131.0000] [optimize worker=3] iter=  271766, current=154539.000, temperature=133.640861, regime=T>0
[131.0001] [optimize worker=2] iter=  283334, current=113204.000, temperature=133.640370, regime=T>0
[131.0000] [optimize worker=1] iter=  283900, current=113204.000, temperature=133.640796, regime=T>0
[131.0002] [optimize worker=0] iter=  277763, current=118937.000, temperature=133.639746, regime=T>0
[132.0000] [optimize worker=3] iter=  280641, current=154539.000, temperature=129.192036, regime=T>0
[132.0002] [optimize worker=1] iter=  292505, current=113204.000, temperature=129.191457, regime=T>0
[132.0002] [optimize worker=2] iter=  292087, current=113204.000, temperature=129.191165, regime=T>0
[132.0005] [optimize worker=0] iter=  286466, current=118937.000, temperature=129.190048, regime=T>0
[133.0000] [optimize worker=2] iter=  300982, current=113204.000, temperature=124.891467, regime=T>0
[133.0004] [optimize worker=1] iter=  300954, current=113204.000, temperature=124.889863, regime=T>0
[133.0005] [optimize worker=3] iter=  289293, current=154539.000, temperature=124.889330, regime=T>0
[133.0008] [optimize worker=0] iter=  295131, current=118937.000, temperature=124.888252, regime=T>0
[134.0000] [optimize worker=3] iter=  297615, current=154539.000, temperature=120.734094, regime=T>0
[134.0001] [optimize worker=0] iter=  303569, current=118937.000, temperature=120.733746, regime=T>0
[134.0002] [optimize worker=1] iter=  309591, current=113204.000, temperature=120.733197, regime=T>0
[134.0009] [optimize worker=2] iter=  309665, current=113204.000, temperature=120.730482, regime=T>0
[135.0000] [optimize worker=3] iter=  306334, current=154539.000, temperature=116.715034, regime=T>0
[135.0003] [optimize worker=2] iter=  318670, current=113204.000, temperature=116.713728, regime=T>0
[135.0005] [optimize worker=1] iter=  318478, current=113204.000, temperature=116.713195, regime=T>0
[135.0005] [optimize worker=0] iter=  312373, current=118937.000, temperature=116.713059, regime=T>0
[136.0000] [optimize worker=3] iter=  314708, current=154539.000, temperature=112.829787, regime=T>0
[136.0001] [optimize worker=2] iter=  327392, current=113204.000, temperature=112.829403, regime=T>0
[136.0000] [optimize worker=0] iter=  320775, current=118937.000, temperature=112.829761, regime=T>0
[136.0002] [optimize worker=1] iter=  326969, current=113204.000, temperature=112.828867, regime=T>0
[137.0000] [optimize worker=2] iter=  336104, current=113204.000, temperature=109.073786, regime=T>0
[137.0000] [optimize worker=0] iter=  329347, current=118937.000, temperature=109.073761, regime=T>0
[137.0002] [optimize worker=3] iter=  323128, current=154539.000, temperature=109.073195, regime=T>0
[137.0004] [optimize worker=1] iter=  335714, current=113204.000, temperature=109.072548, regime=T>0
[138.0000] [optimize worker=0] iter=  338182, current=118937.000, temperature=105.442824, regime=T>0
[138.0001] [optimize worker=3] iter=  331445, current=154539.000, temperature=105.442602, regime=T>0
[138.0001] [optimize worker=1] iter=  344433, current=113204.000, temperature=105.442601, regime=T>0
[138.0006] [optimize worker=2] iter=  344947, current=113204.000, temperature=105.440832, regime=T>0
[139.0000] [optimize worker=1] iter=  353045, current=113204.000, temperature=101.932901, regime=T>0
[139.0002] [optimize worker=2] iter=  353712, current=113204.000, temperature=101.932201, regime=T>0
[139.0005] [optimize worker=3] iter=  340032, current=154539.000, temperature=101.931287, regime=T>0
[139.0005] [optimize worker=0] iter=  346928, current=118937.000, temperature=101.931154, regime=T>0
[140.0000] [optimize worker=2] iter=  362764, current=113204.000, temperature=98.539702, regime=T>0
[140.0000] [optimize worker=1] iter=  361462, current=113204.000, temperature=98.539640, regime=T>0
[140.0002] [optimize worker=0] iter=  355520, current=118937.000, temperature=98.539028, regime=T>0
[140.0005] [optimize worker=3] iter=  348530, current=154539.000, temperature=98.538167, regime=T>0
[141.0000] [optimize worker=1] iter=  370494, current=113204.000, temperature=95.259409, regime=T>0
[141.0000] [optimize worker=0] iter=  364034, current=118937.000, temperature=95.259342, regime=T>0
[141.0001] [optimize worker=2] iter=  371777, current=113204.000, temperature=95.259213, regime=T>0
[141.0003] [optimize worker=3] iter=  356870, current=154539.000, temperature=95.258509, regime=T>0
[141.6529] [optimize]  local best: worker=1, iter=  376097, score=112004.000
[141.6530] [optimize] shared best: worker=1, iter=  376097, score=112004.000
[142.0000] [optimize worker=0] iter=  372985, current=118937.000, temperature=92.088436, regime=T>0
[142.0001] [optimize worker=3] iter=  365418, current=154539.000, temperature=92.088249, regime=T>0
[142.0002] [optimize worker=1] iter=  379252, current=112004.000, temperature=92.087974, regime=T>0
[142.0004] [optimize worker=2] iter=  380622, current=113204.000, temperature=92.087169, regime=T>0
[142.8128] [optimize]  local best: worker=1, iter=  386296, score=111870.000
[142.8129] [optimize] shared best: worker=1, iter=  386296, score=111870.000
[143.0002] [optimize worker=2] iter=  389404, current=113204.000, temperature=89.022281, regime=T>0
[143.0002] [optimize worker=3] iter=  374157, current=154539.000, temperature=89.022282, regime=T>0
[143.0002] [optimize worker=1] iter=  388006, current=111870.000, temperature=89.022260, regime=T>0
[143.0003] [optimize worker=0] iter=  381491, current=118937.000, temperature=89.022147, regime=T>0
[144.0000] [optimize worker=0] iter=  390506, current=118937.000, temperature=86.059508, regime=T>0
[144.0001] [optimize worker=3] iter=  382669, current=154539.000, temperature=86.059312, regime=T>0
[144.0002] [optimize worker=1] iter=  396758, current=111870.000, temperature=86.058826, regime=T>0
[144.0003] [optimize worker=2] iter=  398405, current=113204.000, temperature=86.058609, regime=T>0
[145.0000] [optimize worker=0] iter=  399184, current=118937.000, temperature=83.194592, regime=T>0
[145.0001] [optimize worker=1] iter=  405882, current=111870.000, temperature=83.194383, regime=T>0
[145.0002] [optimize worker=3] iter=  391164, current=154539.000, temperature=83.194148, regime=T>0
[145.0013] [optimize worker=2] iter=  407132, current=113204.000, temperature=83.191183, regime=T>0
[146.0000] [optimize worker=3] iter=  399586, current=154539.000, temperature=80.425316, regime=T>0
[146.0005] [optimize worker=1] iter=  414871, current=111870.000, temperature=80.423912, regime=T>0
[146.0006] [optimize worker=0] iter=  407927, current=118937.000, temperature=80.423762, regime=T>0
[146.0007] [optimize worker=2] iter=  415994, current=113204.000, temperature=80.423521, regime=T>0
[147.0001] [optimize worker=2] iter=  424782, current=113204.000, temperature=77.747843, regime=T>0
[147.0002] [optimize worker=0] iter=  416575, current=118937.000, temperature=77.747649, regime=T>0
[147.0004] [optimize worker=1] iter=  423869, current=111870.000, temperature=77.747004, regime=T>0
[147.0007] [optimize worker=3] iter=  407820, current=154539.000, temperature=77.746361, regime=T>0
[148.0000] [optimize worker=2] iter=  433280, current=113204.000, temperature=75.159891, regime=T>0
[148.0000] [optimize worker=0] iter=  425012, current=118937.000, temperature=75.159864, regime=T>0
[148.0001] [optimize worker=3] iter=  416414, current=154539.000, temperature=75.159699, regime=T>0
[148.0006] [optimize worker=1] iter=  432831, current=111870.000, temperature=75.158347, regime=T>0
[149.0000] [optimize worker=2] iter=  441738, current=113204.000, temperature=72.657986, regime=T>0
[149.0001] [optimize worker=0] iter=  433623, current=118937.000, temperature=72.657658, regime=T>0
[149.0003] [optimize worker=3] iter=  424618, current=154539.000, temperature=72.657314, regime=T>0
[149.0003] [optimize worker=1] iter=  441637, current=111870.000, temperature=72.657297, regime=T>0
[150.0000] [optimize worker=2] iter=  450730, current=113204.000, temperature=70.239314, regime=T>0
[150.0000] [optimize worker=1] iter=  450277, current=111870.000, temperature=70.239289, regime=T>0
[150.0001] [optimize worker=3] iter=  433001, current=154539.000, temperature=70.239109, regime=T>0
[150.0010] [optimize worker=0] iter=  442498, current=118937.000, temperature=70.236937, regime=T>0
[151.0000] [optimize worker=3] iter=  441306, current=154539.000, temperature=67.901137, regime=T>0
[151.0001] [optimize worker=0] iter=  451138, current=118937.000, temperature=67.900847, regime=T>0
[151.0002] [optimize worker=1] iter=  458987, current=111870.000, temperature=67.900754, regime=T>0
[151.0006] [optimize worker=2] iter=  459195, current=113204.000, temperature=67.899809, regime=T>0
[152.0000] [optimize worker=2] iter=  467787, current=113204.000, temperature=65.640755, regime=T>0
[152.0002] [optimize worker=3] iter=  449864, current=154539.000, temperature=65.640360, regime=T>0
[152.0002] [optimize worker=1] iter=  467701, current=111870.000, temperature=65.640349, regime=T>0
[152.0010] [optimize worker=0] iter=  459644, current=118937.000, temperature=65.638571, regime=T>0
[153.0001] [optimize worker=2] iter=  476481, current=113204.000, temperature=63.455579, regime=T>0
[153.0002] [optimize worker=3] iter=  458269, current=154539.000, temperature=63.455300, regime=T>0
[153.0002] [optimize worker=0] iter=  468472, current=118937.000, temperature=63.455369, regime=T>0
[153.0001] [optimize worker=1] iter=  476485, current=111870.000, temperature=63.455552, regime=T>0
[154.0000] [optimize worker=0] iter=  477338, current=118937.000, temperature=61.343412, regime=T>0
[154.0002] [optimize worker=2] iter=  485113, current=113204.000, temperature=61.343103, regime=T>0
[154.0008] [optimize worker=1] iter=  485062, current=111870.000, temperature=61.341828, regime=T>0
[154.0008] [optimize worker=3] iter=  466776, current=154539.000, temperature=61.341747, regime=T>0
[155.0002] [optimize worker=1] iter=  493986, current=111870.000, temperature=59.301090, regime=T>0
[155.0003] [optimize worker=3] iter=  475379, current=154539.000, temperature=59.300774, regime=T>0
[155.0004] [optimize worker=0] iter=  486428, current=118937.000, temperature=59.300496, regime=T>0
[155.0008] [optimize worker=2] iter=  493798, current=113204.000, temperature=59.299813, regime=T>0
[156.0000] [optimize worker=1] iter=  502491, current=111870.000, temperature=57.327309, regime=T>0
[156.0000] [optimize worker=3] iter=  483684, current=154539.000, temperature=57.327285, regime=T>0
[156.0001] [optimize worker=0] iter=  495200, current=118937.000, temperature=57.327109, regime=T>0
[156.0002] [optimize worker=2] iter=  502674, current=113204.000, temperature=57.326941, regime=T>0
[157.0001] [optimize worker=2] iter=  511045, current=113204.000, temperature=55.418785, regime=T>0
[157.0001] [optimize worker=3] iter=  492100, current=154539.000, temperature=55.418731, regime=T>0
[157.0002] [optimize worker=0] iter=  503746, current=118937.000, temperature=55.418603, regime=T>0
[157.0005] [optimize worker=1] iter=  511436, current=111870.000, temperature=55.418100, regime=T>0
[158.0000] [optimize worker=3] iter=  500682, current=154539.000, temperature=53.574135, regime=T>0
[158.0001] [optimize worker=1] iter=  520165, current=111870.000, temperature=53.573978, regime=T>0
[158.0002] [optimize worker=2] iter=  519625, current=113204.000, temperature=53.573828, regime=T>0
[158.0005] [optimize worker=0] iter=  512283, current=118937.000, temperature=53.573306, regime=T>0
[159.0001] [optimize worker=0] iter=  521045, current=118937.000, temperature=51.790688, regime=T>0
[159.0001] [optimize worker=3] iter=  509018, current=154539.000, temperature=51.790596, regime=T>0
[159.0004] [optimize worker=1] iter=  528800, current=111870.000, temperature=51.790038, regime=T>0
[159.0008] [optimize worker=2] iter=  528584, current=113204.000, temperature=51.789302, regime=T>0
[160.0000] [optimize worker=1] iter=  537454, current=111870.000, temperature=50.066727, regime=T>0
[160.0001] [optimize worker=0] iter=  529787, current=118937.000, temperature=50.066651, regime=T>0
[160.0002] [optimize worker=2] iter=  536920, current=113204.000, temperature=50.066468, regime=T>0
[160.0002] [optimize worker=3] iter=  517348, current=154539.000, temperature=50.066323, regime=T>0
[161.0000] [optimize worker=1] iter=  546233, current=111870.000, temperature=48.400062, regime=T>0
[161.0002] [optimize worker=0] iter=  538265, current=118937.000, temperature=48.399787, regime=T>0
[161.0003] [optimize worker=3] iter=  525873, current=154539.000, temperature=48.399551, regime=T>0
[161.0003] [optimize worker=2] iter=  545957, current=113204.000, temperature=48.399539, regime=T>0
[162.0000] [optimize worker=0] iter=  546930, current=118937.000, temperature=46.788872, regime=T>0
[162.0001] [optimize worker=1] iter=  555227, current=111870.000, temperature=46.788824, regime=T>0
[162.0002] [optimize worker=3] iter=  534037, current=154539.000, temperature=46.788603, regime=T>0
[162.0003] [optimize worker=2] iter=  554675, current=113204.000, temperature=46.788415, regime=T>0
[163.0000] [optimize worker=3] iter=  542738, current=154539.000, temperature=45.231398, regime=T>0
[163.0001] [optimize worker=1] iter=  564370, current=111870.000, temperature=45.231321, regime=T>0
[163.0001] [optimize worker=2] iter=  563601, current=113204.000, temperature=45.231282, regime=T>0
[163.0004] [optimize worker=0] iter=  555703, current=118937.000, temperature=45.230725, regime=T>0
[164.0001] [optimize worker=1] iter=  573122, current=111870.000, temperature=43.725635, regime=T>0
[164.0001] [optimize worker=0] iter=  564742, current=118937.000, temperature=43.725581, regime=T>0
[164.0001] [optimize worker=2] iter=  572537, current=113204.000, temperature=43.725524, regime=T>0
[164.0008] [optimize worker=3] iter=  551203, current=154539.000, temperature=43.724540, regime=T>0
[165.0000] [optimize worker=3] iter=  559595, current=154539.000, temperature=42.270154, regime=T>0
[165.0001] [optimize worker=1] iter=  581905, current=111870.000, temperature=42.270048, regime=T>0
[165.0002] [optimize worker=0] iter=  573576, current=118937.000, temperature=42.269873, regime=T>0
[165.0003] [optimize worker=2] iter=  581165, current=113204.000, temperature=42.269766, regime=T>0
[165.8577] [optimize worker=0] iter=  580883, accepted=   45438, improved=       9, best_imports=    1, current=118937.000, local_best=118937.000, temp(z1>0)=410.623656->41.062366, temp(z1=0)=1000.000000->100.000000
neighbor stats:
  Large           : selected=  72710, succeeded=   4299 (  5.913%), improved=      4 (  0.093%, avg=   6367.00), accepted=   4156 ( 96.674%), time= 46.415s, avg=  0.638ms
  Shift           : selected= 362915, succeeded= 362915 (100.000%), improved=      1 (  0.000%, avg=   6667.00), accepted=  15196 (  4.187%), time=  6.971s, avg=  0.019ms
  Move            : selected=  72682, succeeded=  11127 ( 15.309%), improved=      3 (  0.027%, avg=   6667.00), accepted=  11127 (100.000%), time=  7.863s, avg=  0.108ms
  Rotate          : selected=  72576, succeeded=  72576 (100.000%), improved=      0 (  0.000%, avg=      0.00), accepted=  14959 ( 20.611%), time=  6.687s, avg=  0.092ms
[165.8579] [optimize worker=1] iter=  589623, accepted=   44567, improved=      12, best_imports=    0, current=111870.000, local_best=111870.000, temp(z1>0)=410.623656->41.062366, temp(z1=0)=1000.000000->100.000000
neighbor stats:
  Large           : selected=  73427, succeeded=   3787 (  5.158%), improved=      9 (  0.238%, avg=   7170.67), accepted=   3460 ( 91.365%), time= 46.068s, avg=  0.627ms
  Shift           : selected= 368530, succeeded= 368530 (100.000%), improved=      0 (  0.000%, avg=      0.00), accepted=  13655 (  3.705%), time=  7.038s, avg=  0.019ms
  Move            : selected=  73817, succeeded=  11631 ( 15.757%), improved=      2 (  0.017%, avg=   3933.50), accepted=  11631 (100.000%), time=  7.987s, avg=  0.108ms
  Rotate          : selected=  73849, succeeded=  73849 (100.000%), improved=      1 (  0.001%, avg=   6667.00), accepted=  15821 ( 21.423%), time=  6.840s, avg=  0.093ms
[165.8581] [optimize worker=2] iter=  588288, accepted=   46493, improved=       5, best_imports=    1, current=113204.000, local_best=113204.000, temp(z1>0)=410.623656->41.062366, temp(z1=0)=1000.000000->100.000000
neighbor stats:
  Large           : selected=  73439, succeeded=   3715 (  5.059%), improved=      2 (  0.054%, avg=   6866.50), accepted=   3389 ( 91.225%), time= 46.111s, avg=  0.628ms
  Shift           : selected= 367744, succeeded= 367744 (100.000%), improved=      0 (  0.000%, avg=      0.00), accepted=  18902 (  5.140%), time=  7.034s, avg=  0.019ms
  Move            : selected=  73686, succeeded=  10946 ( 14.855%), improved=      2 (  0.018%, avg=   5400.00), accepted=  10946 (100.000%), time=  7.999s, avg=  0.109ms
  Rotate          : selected=  73419, succeeded=  73419 (100.000%), improved=      0 (  0.000%, avg=      0.00), accepted=  13256 ( 18.055%), time=  6.790s, avg=  0.092ms
[165.8582] [optimize worker=3] iter=  566922, accepted=   56371, improved=       4, best_imports=    0, current=154539.000, local_best=154539.000, temp(z1>0)=410.623656->41.062366, temp(z1=0)=1000.000000->100.000000
neighbor stats:
  Large           : selected=  70556, succeeded=   2915 (  4.131%), improved=      3 (  0.103%, avg=   5466.67), accepted=   2770 ( 95.026%), time= 46.863s, avg=  0.664ms
  Shift           : selected= 354704, succeeded= 354704 (100.000%), improved=      0 (  0.000%, avg=      0.00), accepted=  28468 (  8.026%), time=  6.610s, avg=  0.019ms
  Move            : selected=  70608, succeeded=  10824 ( 15.330%), improved=      2 (  0.018%, avg=  13334.00), accepted=  10824 (100.000%), time=  7.801s, avg=  0.110ms
  Rotate          : selected=  71054, succeeded=  71054 (100.000%), improved=      0 (  0.000%, avg=      0.00), accepted=  14309 ( 20.138%), time=  6.661s, avg=  0.094ms
[165.8584] [optimize] result: best=111870.000
[reconstruct-weight] horizon=5 attempts=290132 changed=11397 unchanged=3319 failed=275416 changed_rate=3.93%
  marginal volume: 0:[103767,2934,2.83%] 1:[130431,5472,4.20%] 2:[50899,2653,5.21%] 3:[4655,309,6.64%] 4:[355,27,7.61%] 5:[23,2,8.70%] 6:[2,0,0.00%] 7:[0,0,0.00%]
  marginal pref_spread: 0:[103686,4398,4.24%] 1:[130198,5075,3.90%] 2:[51095,1764,3.45%] 3:[4777,155,3.24%] 4:[351,5,1.42%] 5:[25,0,0.00%] 6:[0,0,0.00%] 7:[0,0,0.00%]
  marginal limit_time_urgency: 0:[103694,3478,3.35%] 1:[130033,5335,4.10%] 2:[51377,2340,4.55%] 3:[4609,232,5.03%] 4:[390,11,2.82%] 5:[26,1,3.85%] 6:[3,0,0.00%] 7:[0,0,0.00%]
  marginal slack_tightness: 0:[103537,4684,4.52%] 1:[130234,5062,3.89%] 2:[51251,1545,3.01%] 3:[4708,101,2.15%] 4:[367,5,1.36%] 5:[32,0,0.00%] 6:[3,0,0.00%] 7:[0,0,0.00%]
  marginal current_penalty: 0:[103696,4163,4.01%] 1:[129767,5134,3.96%] 2:[51546,1926,3.74%] 3:[4716,164,3.48%] 4:[369,9,2.44%] 5:[32,1,3.12%] 6:[6,0,0.00%] 7:[0,0,0.00%]
  marginal random: 0:[103803,4478,4.31%] 1:[129717,5088,3.92%] 2:[51541,1714,3.33%] 3:[4632,106,2.29%] 4:[412,9,2.18%] 5:[27,2,7.41%] 6:[0,0,0.00%] 7:[0,0,0.00%]
  top2: volume+pref_spread:[19280,957,4.96%] volume+limit_time_urgency:[19185,1242,6.47%] pref_spread+limit_time_urgency:[19351,769,3.97%] volume+slack_tightness:[19124,765,4.00%] pref_spread+slack_tightness:[19367,546,2.82%] limit_time_urgency+slack_tightness:[19405,729,3.76%] volume+current_penalty:[19048,991,5.20%] pref_spread+current_penalty:[19411,645,3.32%] limit_time_urgency+current_penalty:[19512,825,4.23%] slack_tightness+current_penalty:[19387,552,2.85%] volume+random:[19389,872,4.50%] pref_spread+random:[19228,600,3.12%] limit_time_urgency+random:[19331,789,4.08%] slack_tightness+random:[19609,492,2.51%] current_penalty+random:[19505,623,3.19%]
  top3: volume+pref_spread+limit_time_urgency:[14527,852,5.86%] volume+pref_spread+slack_tightness:[14596,566,3.88%] volume+limit_time_urgency+slack_tightness:[14479,738,5.10%] pref_spread+limit_time_urgency+slack_tightness:[14507,498,3.43%] volume+pref_spread+current_penalty:[14408,670,4.65%] volume+limit_time_urgency+current_penalty:[14446,870,6.02%] pref_spread+limit_time_urgency+current_penalty:[14533,546,3.76%] volume+slack_tightness+current_penalty:[14370,610,4.24%] pref_spread+slack_tightness+current_penalty:[14642,388,2.65%] limit_time_urgency+slack_tightness+current_penalty:[14736,494,3.35%] volume+pref_spread+random:[14465,569,3.93%] volume+limit_time_urgency+random:[14478,789,5.45%] pref_spread+limit_time_urgency+random:[14366,513,3.57%] volume+slack_tightness+random:[14523,542,3.73%] pref_spread+slack_tightness+random:[14478,340,2.35%] limit_time_urgency+slack_tightness+random:[14523,436,3.00%] volume+current_penalty+random:[14588,622,4.26%] pref_spread+current_penalty+random:[14459,435,3.01%] limit_time_urgency+current_penalty+random:[14483,532,3.67%] slack_tightness+current_penalty+random:[14525,387,2.66%]
  pair_top20: volume[3]+limit_time_urgency[2]:[452,46,10.18%] volume[2]+limit_time_urgency[3]:[427,42,9.84%] volume[4]+slack_tightness[0]:[253,21,8.30%] volume[3]+limit_time_urgency[1]:[1271,99,7.79%] volume[4]+pref_spread[0]:[261,20,7.66%] volume[3]+current_penalty[1]:[1293,98,7.58%] volume[4]+random[0]:[251,19,7.57%] volume[3]+random[0]:[2822,202,7.16%] volume[3]+slack_tightness[0]:[2933,208,7.09%] volume[3]+current_penalty[2]:[444,31,6.98%] volume[3]+slack_tightness[1]:[1202,83,6.91%] volume[4]+limit_time_urgency[0]:[261,18,6.90%] volume[4]+current_penalty[0]:[261,18,6.90%] volume[3]+pref_spread[0]:[2844,196,6.89%] volume[3]+pref_spread[1]:[1305,83,6.36%] volume[2]+limit_time_urgency[2]:[6996,439,6.28%] volume[3]+current_penalty[0]:[2857,177,6.20%] volume[1]+limit_time_urgency[3]:[1318,81,6.15%] volume[3]+random[1]:[1351,83,6.14%] volume[2]+current_penalty[3]:[428,25,5.84%]
[165.9498] [expand] best: trial=1, score=295345.000
[165.9514] [expand] best: trial=1, score=364545.000
[165.9657] [expand] best: trial=1, score=311212.000
[165.9752] [expand] best: trial=1, score=392284.000
[165.9800] [expand] best: trial=4, score=354546.000
[165.9856] [expand] best: trial=2, score=379749.000
[165.9886] [expand] best: trial=5, score=334947.000
[165.9948] [expand] best: trial=4, score=296412.000
[165.9992] [expand] best: trial=7, score=283611.000
[166.0077] [expand] best: trial=9, score=307877.000
[166.0108] [expand] best: trial=9, score=244010.000
[166.0161] [expand] best: trial=7, score=365482.000
[166.0259] [expand] best: trial=14, score=296278.000
[166.0450] [expand] best: trial=13, score=348281.000
[166.1221] [expand] best: trial=33, score=290012.000
[166.1435] [expand] best: trial=40, score=345480.000
[166.3277] [expand] best: trial=98, score=341215.000
[166.3384] [expand] best: trial=107, score=276678.000
[166.4050] [expand] best: trial=131, score=263344.000
[166.4239] [expand] best: trial=152, score=286011.000
[166.6241] [expand] best: trial=246, score=242410.000
[166.7950] [expand] best: trial=314, score=242143.000
[166.9045] [expand] best: trial=297, score=303612.000
[167.1849] [expand] best: trial=472, score=224276.000
[167.3858] [expand] best: trial=534, score=277078.000
[169.9682] [expand] best: trial=1645, score=301213.000
[170.8585] [expand] finish: trials=1944, score=263344.000
[170.8587] [expand] finish: trials=1984, score=277078.000
[170.8601] [expand] finish: trials=2183, score=224276.000
[170.8602] [expand] finish: trials=2042, score=301213.000
[170.8603] [optimize] horizon=6/8, blocks=112, initial=224276.000, w2=0.000
[171.0002] [optimize worker=0] iter=     261, current=277078.000, temperature=399.190548, regime=T>0
[171.0002] [optimize worker=1] iter=     261, current=263344.000, temperature=399.190706, regime=T>0
[171.0008] [optimize worker=2] iter=     319, current=224276.000, temperature=399.184541, regime=T>0
[171.0018] [optimize worker=3] iter=     216, current=301213.000, temperature=399.175969, regime=T>0
[171.4204] [optimize]  local best: worker=3, iter=    2002, score=224276.000
[171.5776] [optimize]  local best: worker=2, iter=    2953, score=197608.000
[171.5777] [optimize] shared best: worker=2, iter=    2953, score=197608.000
[171.6935] [optimize]  local best: worker=0, iter=    3625, score=263744.000
[171.7364] [optimize]  local best: worker=1, iter=    4210, score=257610.000
[171.7898] [optimize]  local best: worker=2, iter=    4133, score=190941.000
[171.7899] [optimize] shared best: worker=2, iter=    4133, score=190941.000
[171.8818] [optimize]  local best: worker=1, iter=    4936, score=256944.000
[172.0002] [optimize worker=2] iter=    5263, current=190941.000, temperature=389.998012, regime=T>0
[172.0003] [optimize worker=0] iter=    5471, current=263744.000, temperature=389.996502, regime=T>0
[172.0005] [optimize worker=3] iter=    5534, current=224276.000, temperature=389.995204, regime=T>0
[172.0012] [optimize worker=1] iter=    5633, current=256944.000, temperature=389.988570, regime=T>0
[172.1015] [optimize]  local best: worker=0, iter=    6017, score=190941.000
[172.2399] [optimize]  local best: worker=1, iter=    7042, score=250277.000
[172.8109] [optimize]  local best: worker=1, iter=   10530, score=230276.000
[172.9766] [optimize]  local best: worker=3, iter=   11547, score=210942.000
[172.9872] [optimize]  local best: worker=3, iter=   11615, score=204275.000
[173.0000] [optimize worker=1] iter=   11799, current=230276.000, temperature=381.018496, regime=T>0
[173.0002] [optimize worker=3] iter=   11709, current=204275.000, temperature=381.016906, regime=T>0
[173.0003] [optimize worker=0] iter=   12028, current=190941.000, temperature=381.016087, regime=T>0
[173.0006] [optimize worker=2] iter=   11704, current=190941.000, temperature=381.013707, regime=T>0
[173.1293] [optimize]  local best: worker=1, iter=   12636, score=223609.000
[173.3060] [optimize]  local best: worker=3, iter=   13819, score=197608.000
[174.0001] [optimize worker=2] iter=   18667, current=190941.000, temperature=372.244084, regime=T>0
[174.0001] [optimize worker=3] iter=   18701, current=197608.000, temperature=372.243435, regime=T>0
[174.0008] [optimize worker=1] iter=   18497, current=223609.000, temperature=372.237452, regime=T>0
[174.0008] [optimize worker=0] iter=   18952, current=190941.000, temperature=372.237124, regime=T>0
[174.5654] [optimize]  local best: worker=1, iter=   22563, score=216942.000
[174.6885] [optimize]  local best: worker=3, iter=   23430, score=190941.000
[174.8905] [optimize]  local best: worker=1, iter=   24971, score=212142.000
[175.0000] [optimize worker=2] iter=   25873, current=190941.000, temperature=363.672361, regime=T>0
[175.0001] [optimize worker=1] iter=   25614, current=212142.000, temperature=363.672118, regime=T>0
[175.0002] [optimize worker=0] iter=   26037, current=190941.000, temperature=363.670604, regime=T>0
[175.0004] [optimize worker=3] iter=   25627, current=190941.000, temperature=363.669008, regime=T>0
[175.6235] [optimize]  local best: worker=1, iter=   29744, score=205475.000
[176.0000] [optimize worker=1] iter=   32380, current=205475.000, temperature=355.297847, regime=T>0
[176.0000] [optimize worker=3] iter=   32825, current=190941.000, temperature=355.297816, regime=T>0
[176.0000] [optimize worker=2] iter=   32825, current=190941.000, temperature=355.297623, regime=T>0
[176.0001] [optimize worker=0] iter=   33270, current=190941.000, temperature=355.296656, regime=T>0
[177.0000] [optimize worker=1] iter=   39520, current=205475.000, temperature=347.116052, regime=T>0
[177.0002] [optimize worker=2] iter=   39699, current=190941.000, temperature=347.114518, regime=T>0
[177.0004] [optimize worker=0] iter=   40192, current=190941.000, temperature=347.112983, regime=T>0
[177.0005] [optimize worker=3] iter=   40219, current=190941.000, temperature=347.112103, regime=T>0
[178.0001] [optimize worker=1] iter=   46395, current=205475.000, temperature=339.122127, regime=T>0
[178.0001] [optimize worker=0] iter=   47285, current=190941.000, temperature=339.121943, regime=T>0
[178.0003] [optimize worker=2] iter=   47018, current=190941.000, temperature=339.119901, regime=T>0
[178.0008] [optimize worker=3] iter=   47274, current=190941.000, temperature=339.116215, regime=T>0
[179.0002] [optimize worker=1] iter=   53152, current=205475.000, temperature=331.312086, regime=T>0
[179.0002] [optimize worker=3] iter=   54302, current=190941.000, temperature=331.311511, regime=T>0
[179.0006] [optimize worker=2] iter=   53871, current=190941.000, temperature=331.308579, regime=T>0
[179.0007] [optimize worker=0] iter=   54261, current=190941.000, temperature=331.307743, regime=T>0
[180.0000] [optimize worker=0] iter=   61099, current=190941.000, temperature=323.683526, regime=T>0
[180.0002] [optimize worker=2] iter=   60757, current=190941.000, temperature=323.682439, regime=T>0
[180.0002] [optimize worker=1] iter=   60194, current=205475.000, temperature=323.682139, regime=T>0
[180.0015] [optimize worker=3] iter=   61551, current=190941.000, temperature=323.672579, regime=T>0
[181.0001] [optimize worker=2] iter=   67968, current=190941.000, temperature=316.229281, regime=T>0
[181.0003] [optimize worker=0] iter=   67853, current=190941.000, temperature=316.227560, regime=T>0
[181.0005] [optimize worker=1] iter=   67346, current=205475.000, temperature=316.226586, regime=T>0
[181.0013] [optimize worker=3] iter=   68755, current=190941.000, temperature=316.220442, regime=T>0
[182.0000] [optimize worker=0] iter=   74893, current=190941.000, temperature=308.947645, regime=T>0
[182.0001] [optimize worker=3] iter=   76001, current=190941.000, temperature=308.947385, regime=T>0
[182.0001] [optimize worker=2] iter=   75177, current=190941.000, temperature=308.947287, regime=T>0
[182.0001] [optimize worker=1] iter=   74670, current=205475.000, temperature=308.947282, regime=T>0
[183.0001] [optimize worker=3] iter=   83387, current=190941.000, temperature=301.832706, regime=T>0
[183.0001] [optimize worker=2] iter=   82261, current=190941.000, temperature=301.832537, regime=T>0
[183.0002] [optimize worker=1] iter=   81787, current=205475.000, temperature=301.832206, regime=T>0
[183.0006] [optimize worker=0] iter=   82187, current=190941.000, temperature=301.829028, regime=T>0
[184.0001] [optimize worker=3] iter=   90258, current=190941.000, temperature=294.882125, regime=T>0
[184.0002] [optimize worker=2] iter=   89622, current=190941.000, temperature=294.881077, regime=T>0
[184.0008] [optimize worker=1] iter=   88646, current=205475.000, temperature=294.877194, regime=T>0
[184.0009] [optimize worker=0] iter=   89035, current=190941.000, temperature=294.876114, regime=T>0
[185.0000] [optimize worker=1] iter=   95545, current=205475.000, temperature=288.091943, regime=T>0
[185.0001] [optimize worker=0] iter=   95890, current=190941.000, temperature=288.091320, regime=T>0
[185.0008] [optimize worker=2] iter=   96803, current=190941.000, temperature=288.086811, regime=T>0
[185.0011] [optimize worker=3] iter=   97062, current=190941.000, temperature=288.084751, regime=T>0
[186.0000] [optimize worker=1] iter=  102954, current=205475.000, temperature=281.457827, regime=T>0
[186.0000] [optimize worker=3] iter=  104207, current=190941.000, temperature=281.457664, regime=T>0
[186.0000] [optimize worker=0] iter=  102864, current=190941.000, temperature=281.457486, regime=T>0
[186.0004] [optimize worker=2] iter=  103585, current=190941.000, temperature=281.455307, regime=T>0
[187.0000] [optimize worker=1] iter=  110281, current=205475.000, temperature=274.976191, regime=T>0
[187.0002] [optimize worker=3] iter=  111400, current=190941.000, temperature=274.975421, regime=T>0
[187.0001] [optimize worker=0] iter=  110045, current=190941.000, temperature=274.975946, regime=T>0
[187.0009] [optimize worker=2] iter=  110734, current=190941.000, temperature=274.970819, regime=T>0
[188.0000] [optimize worker=3] iter=  118652, current=190941.000, temperature=268.644250, regime=T>0
[188.0001] [optimize worker=1] iter=  117211, current=205475.000, temperature=268.643956, regime=T>0
[188.0001] [optimize worker=0] iter=  117536, current=190941.000, temperature=268.643825, regime=T>0
[188.0001] [optimize worker=2] iter=  118019, current=190941.000, temperature=268.643331, regime=T>0
[189.0000] [optimize worker=3] iter=  125620, current=190941.000, temperature=262.457806, regime=T>0
[189.0001] [optimize worker=1] iter=  124404, current=205475.000, temperature=262.457189, regime=T>0
[189.0002] [optimize worker=2] iter=  125097, current=190941.000, temperature=262.456551, regime=T>0
[189.0002] [optimize worker=0] iter=  124740, current=190941.000, temperature=262.456823, regime=T>0
[190.0000] [optimize worker=3] iter=  132951, current=190941.000, temperature=256.413911, regime=T>0
[190.0001] [optimize worker=2] iter=  132449, current=190941.000, temperature=256.413236, regime=T>0
[190.0002] [optimize worker=0] iter=  131801, current=190941.000, temperature=256.412475, regime=T>0
[190.0012] [optimize worker=1] iter=  131552, current=205475.000, temperature=256.407070, regime=T>0
[191.0002] [optimize worker=1] iter=  138900, current=205475.000, temperature=250.508125, regime=T>0
[191.0007] [optimize worker=2] iter=  139713, current=190941.000, temperature=250.505295, regime=T>0
[191.0007] [optimize worker=3] iter=  140179, current=190941.000, temperature=250.505257, regime=T>0
[191.0009] [optimize worker=0] iter=  138966, current=190941.000, temperature=250.504199, regime=T>0
[191.9575] [optimize]  local best: worker=2, iter=  146338, score=184274.000
[191.9576] [optimize] shared best: worker=2, iter=  146338, score=184274.000
[192.0000] [optimize worker=2] iter=  146636, current=184274.000, temperature=244.740234, regime=T>0
[192.0002] [optimize worker=1] iter=  146133, current=205475.000, temperature=244.739533, regime=T>0
[192.0004] [optimize worker=3] iter=  146937, current=190941.000, temperature=244.738039, regime=T>0
[192.0005] [optimize worker=0] iter=  145978, current=190941.000, temperature=244.737839, regime=T>0
[193.0003] [optimize worker=1] iter=  153248, current=205475.000, temperature=239.103130, regime=T>0
[193.0004] [optimize worker=0] iter=  153050, current=190941.000, temperature=239.102039, regime=T>0
[193.0006] [optimize worker=2] iter=  153856, current=184274.000, temperature=239.101255, regime=T>0
[193.0006] [optimize worker=3] iter=  153972, current=190941.000, temperature=239.101304, regime=T>0
[194.0000] [optimize worker=2] iter=  161042, current=184274.000, temperature=233.598432, regime=T>0
[194.0001] [optimize worker=3] iter=  161381, current=190941.000, temperature=233.597948, regime=T>0
[194.0002] [optimize worker=0] iter=  160407, current=190941.000, temperature=233.597234, regime=T>0
[194.0006] [optimize worker=1] iter=  160375, current=205475.000, temperature=233.595311, regime=T>0
[195.0000] [optimize worker=0] iter=  167924, current=190941.000, temperature=228.219032, regime=T>0
[195.0000] [optimize worker=3] iter=  168749, current=190941.000, temperature=228.218959, regime=T>0
[195.0001] [optimize worker=2] iter=  168127, current=184274.000, temperature=228.218714, regime=T>0
[195.0002] [optimize worker=1] iter=  167331, current=205475.000, temperature=228.217949, regime=T>0
[196.0000] [optimize worker=2] iter=  175134, current=184274.000, temperature=222.963633, regime=T>0
[196.0000] [optimize worker=3] iter=  175969, current=190941.000, temperature=222.963639, regime=T>0
[196.0001] [optimize worker=0] iter=  175332, current=190941.000, temperature=222.963372, regime=T>0
[196.0006] [optimize worker=1] iter=  174521, current=205475.000, temperature=222.960742, regime=T>0
[197.0001] [optimize worker=1] iter=  181352, current=205475.000, temperature=217.828799, regime=T>0
[197.0003] [optimize worker=0] iter=  182280, current=190941.000, temperature=217.827710, regime=T>0
[197.0003] [optimize worker=2] iter=  182057, current=184274.000, temperature=217.827623, regime=T>0
[197.0004] [optimize worker=3] iter=  182949, current=190941.000, temperature=217.827119, regime=T>0
[197.5187] [optimize]  local best: worker=1, iter=  184964, score=203341.000
[198.0000] [optimize worker=1] iter=  188290, current=203341.000, temperature=212.813055, regime=T>0
[198.0000] [optimize worker=2] iter=  189060, current=184274.000, temperature=212.813004, regime=T>0
[198.0002] [optimize worker=0] iter=  189438, current=190941.000, temperature=212.812189, regime=T>0
[198.0008] [optimize worker=3] iter=  190442, current=190941.000, temperature=212.809348, regime=T>0
[199.0001] [optimize worker=3] iter=  197560, current=190941.000, temperature=207.912057, regime=T>0
[199.0003] [optimize worker=2] iter=  196071, current=184274.000, temperature=207.911062, regime=T>0
[199.0005] [optimize worker=0] iter=  196699, current=190941.000, temperature=207.910120, regime=T>0
[199.0005] [optimize worker=1] iter=  195435, current=203341.000, temperature=207.909978, regime=T>0
[200.0001] [optimize worker=3] iter=  204830, current=190941.000, temperature=203.124286, regime=T>0
[200.0002] [optimize worker=1] iter=  202575, current=203341.000, temperature=203.123516, regime=T>0
[200.0003] [optimize worker=0] iter=  204070, current=190941.000, temperature=203.123158, regime=T>0
[200.0010] [optimize worker=2] iter=  203278, current=184274.000, temperature=203.120035, regime=T>0
[201.0000] [optimize worker=3] iter=  211899, current=190941.000, temperature=198.446971, regime=T>0
[201.0001] [optimize worker=1] iter=  209783, current=203341.000, temperature=198.446474, regime=T>0
[201.0002] [optimize worker=2] iter=  210233, current=184274.000, temperature=198.446273, regime=T>0
[201.0004] [optimize worker=0] iter=  210920, current=190941.000, temperature=198.445193, regime=T>0
[202.0000] [optimize worker=3] iter=  219188, current=190941.000, temperature=193.877113, regime=T>0
[202.0001] [optimize worker=0] iter=  217894, current=190941.000, temperature=193.876825, regime=T>0
[202.0003] [optimize worker=2] iter=  217371, current=184274.000, temperature=193.875575, regime=T>0
[202.0007] [optimize worker=1] iter=  216994, current=203341.000, temperature=193.873821, regime=T>0
[203.0000] [optimize worker=3] iter=  226532, current=190941.000, temperature=189.412537, regime=T>0
[203.0000] [optimize worker=2] iter=  224489, current=184274.000, temperature=189.412445, regime=T>0
[203.0001] [optimize worker=1] iter=  224208, current=203341.000, temperature=189.412308, regime=T>0
[203.0002] [optimize worker=0] iter=  225251, current=190941.000, temperature=189.411710, regime=T>0
[204.0000] [optimize worker=3] iter=  233667, current=190941.000, temperature=185.050705, regime=T>0
[204.0001] [optimize worker=0] iter=  232581, current=190941.000, temperature=185.050326, regime=T>0
[204.0007] [optimize worker=1] iter=  231403, current=203341.000, temperature=185.047899, regime=T>0
[204.0011] [optimize worker=2] iter=  231608, current=184274.000, temperature=185.045996, regime=T>0
[205.0000] [optimize worker=3] iter=  240970, current=190941.000, temperature=180.789376, regime=T>0
[205.0001] [optimize worker=1] iter=  238801, current=203341.000, temperature=180.788861, regime=T>0
[205.0006] [optimize worker=2] iter=  238895, current=184274.000, temperature=180.787000, regime=T>0
[205.0014] [optimize worker=0] iter=  239568, current=190941.000, temperature=180.783612, regime=T>0
[205.5913] [optimize]  local best: worker=1, iter=  242873, score=203208.000
[206.0005] [optimize worker=2] iter=  246327, current=184274.000, temperature=176.624248, regime=T>0
[206.0005] [optimize worker=0] iter=  246730, current=190941.000, temperature=176.624213, regime=T>0
[206.0006] [optimize worker=3] iter=  248321, current=190941.000, temperature=176.623871, regime=T>0
[206.0007] [optimize worker=1] iter=  245925, current=203208.000, temperature=176.623304, regime=T>0
[207.0000] [optimize worker=1] iter=  253111, current=203208.000, temperature=172.558747, regime=T>0
[207.0000] [optimize worker=0] iter=  254000, current=190941.000, temperature=172.558625, regime=T>0
[207.0002] [optimize worker=2] iter=  253558, current=184274.000, temperature=172.558120, regime=T>0
[207.0008] [optimize worker=3] iter=  255408, current=190941.000, temperature=172.555570, regime=T>0
[208.0000] [optimize worker=0] iter=  261194, current=190941.000, temperature=168.585011, regime=T>0
[208.0000] [optimize worker=1] iter=  260360, current=203208.000, temperature=168.585043, regime=T>0
[208.0001] [optimize worker=2] iter=  260747, current=184274.000, temperature=168.584690, regime=T>0
[208.0004] [optimize worker=3] iter=  262478, current=190941.000, temperature=168.583404, regime=T>0
[209.0001] [optimize worker=1] iter=  267644, current=203208.000, temperature=164.702431, regime=T>0
[209.0002] [optimize worker=2] iter=  267883, current=184274.000, temperature=164.702189, regime=T>0
[209.0006] [optimize worker=3] iter=  269861, current=190941.000, temperature=164.700445, regime=T>0
[209.0008] [optimize worker=0] iter=  268407, current=190941.000, temperature=164.699631, regime=T>0
[210.0000] [optimize worker=0] iter=  275850, current=190941.000, temperature=160.910009, regime=T>0
[210.0001] [optimize worker=1] iter=  274871, current=203208.000, temperature=160.909663, regime=T>0
[210.0005] [optimize worker=3] iter=  277103, current=190941.000, temperature=160.908131, regime=T>0
[210.0006] [optimize worker=2] iter=  275046, current=184274.000, temperature=160.907683, regime=T>0
[211.0001] [optimize worker=3] iter=  284237, current=190941.000, temperature=157.204368, regime=T>0
[211.0005] [optimize worker=1] iter=  281824, current=203208.000, temperature=157.202993, regime=T>0
[211.0005] [optimize worker=0] iter=  282900, current=190941.000, temperature=157.202700, regime=T>0
[211.0008] [optimize worker=2] iter=  282107, current=184274.000, temperature=157.201870, regime=T>0
[212.0002] [optimize worker=2] iter=  289091, current=184274.000, temperature=153.583913, regime=T>0
[212.0005] [optimize worker=3] iter=  291447, current=190941.000, temperature=153.582871, regime=T>0
[212.0006] [optimize worker=0] iter=  290023, current=190941.000, temperature=153.582248, regime=T>0
[212.0008] [optimize worker=1] iter=  288978, current=203208.000, temperature=153.581767, regime=T>0
[212.1565] [optimize]  local best: worker=2, iter=  290160, score=179874.000
[212.1566] [optimize] shared best: worker=2, iter=  290160, score=179874.000
[213.0000] [optimize worker=1] iter=  296075, current=203208.000, temperature=150.047688, regime=T>0
[213.0001] [optimize worker=0] iter=  296728, current=190941.000, temperature=150.047486, regime=T>0
[213.0005] [optimize worker=2] iter=  295998, current=179874.000, temperature=150.046049, regime=T>0
[213.0007] [optimize worker=3] iter=  298800, current=190941.000, temperature=150.045297, regime=T>0
[214.0000] [optimize worker=2] iter=  302959, current=179874.000, temperature=146.592292, regime=T>0
[214.0002] [optimize worker=0] iter=  303802, current=190941.000, temperature=146.591666, regime=T>0
[214.0005] [optimize worker=1] iter=  303281, current=203208.000, temperature=146.590798, regime=T>0
[214.0009] [optimize worker=3] iter=  306184, current=190941.000, temperature=146.589286, regime=T>0
[215.0002] [optimize worker=0] iter=  311292, current=190941.000, temperature=143.216163, regime=T>0
[215.0003] [optimize worker=1] iter=  310414, current=203208.000, temperature=143.215810, regime=T>0
[215.0004] [optimize worker=3] iter=  313330, current=190941.000, temperature=143.215399, regime=T>0
[215.0012] [optimize worker=2] iter=  309990, current=179874.000, temperature=143.212725, regime=T>0
[216.0000] [optimize worker=3] iter=  320685, current=190941.000, temperature=139.918689, regime=T>0
[216.0001] [optimize worker=2] iter=  316892, current=179874.000, temperature=139.918262, regime=T>0
[216.0000] [optimize worker=0] iter=  318619, current=190941.000, temperature=139.918552, regime=T>0
[216.0005] [optimize worker=1] iter=  317602, current=203208.000, temperature=139.917141, regime=T>0
[216.0482] [optimize]  local best: worker=3, iter=  320975, score=186541.000
[217.0001] [optimize worker=3] iter=  327992, current=186541.000, temperature=136.696481, regime=T>0
[217.0002] [optimize worker=0] iter=  325645, current=190941.000, temperature=136.696052, regime=T>0
[217.0001] [optimize worker=1] iter=  324758, current=203208.000, temperature=136.696354, regime=T>0
[217.0003] [optimize worker=2] iter=  323932, current=179874.000, temperature=136.695537, regime=T>0
[218.0001] [optimize worker=0] iter=  332881, current=190941.000, temperature=133.548573, regime=T>0
[218.0002] [optimize worker=1] iter=  332042, current=203208.000, temperature=133.548092, regime=T>0
[218.0003] [optimize worker=2] iter=  331109, current=179874.000, temperature=133.547776, regime=T>0
[218.0009] [optimize worker=3] iter=  335436, current=186541.000, temperature=133.546129, regime=T>0
[219.0000] [optimize worker=0] iter=  340180, current=190941.000, temperature=130.473275, regime=T>0
[219.0001] [optimize worker=3] iter=  342667, current=186541.000, temperature=130.473098, regime=T>0
[219.0004] [optimize worker=1] iter=  339133, current=203208.000, temperature=130.472353, regime=T>0
[219.0007] [optimize worker=2] iter=  338141, current=179874.000, temperature=130.471398, regime=T>0
[220.0000] [optimize worker=2] iter=  345335, current=179874.000, temperature=127.468711, regime=T>0
[220.0001] [optimize worker=3] iter=  350043, current=186541.000, temperature=127.468468, regime=T>0
[220.0003] [optimize worker=0] iter=  347610, current=190941.000, temperature=127.467990, regime=T>0
[220.0007] [optimize worker=1] iter=  346490, current=203208.000, temperature=127.466771, regime=T>0
[221.0000] [optimize worker=2] iter=  352308, current=179874.000, temperature=124.533436, regime=T>0
[221.0001] [optimize worker=3] iter=  357278, current=186541.000, temperature=124.533213, regime=T>0
[221.0001] [optimize worker=1] iter=  353824, current=203208.000, temperature=124.533203, regime=T>0
[221.0001] [optimize worker=0] iter=  354920, current=190941.000, temperature=124.533143, regime=T>0
[222.0001] [optimize worker=1] iter=  360968, current=203208.000, temperature=121.665582, regime=T>0
[222.0003] [optimize worker=2] iter=  359114, current=179874.000, temperature=121.664814, regime=T>0
[222.0004] [optimize worker=3] iter=  364589, current=186541.000, temperature=121.664479, regime=T>0
[222.0008] [optimize worker=0] iter=  361861, current=190941.000, temperature=121.663514, regime=T>0
[223.0000] [optimize worker=3] iter=  371659, current=186541.000, temperature=118.863889, regime=T>0
[223.0004] [optimize worker=2] iter=  365994, current=179874.000, temperature=118.862801, regime=T>0
[223.0005] [optimize worker=0] iter=  369216, current=190941.000, temperature=118.862626, regime=T>0
[223.0013] [optimize worker=1] iter=  368437, current=203208.000, temperature=118.860485, regime=T>0
[224.0000] [optimize worker=3] iter=  379055, current=186541.000, temperature=116.126790, regime=T>0
[224.0003] [optimize worker=1] iter=  375485, current=203208.000, temperature=116.126077, regime=T>0
[224.0009] [optimize worker=2] iter=  373050, current=179874.000, temperature=116.124367, regime=T>0
[224.0011] [optimize worker=0] iter=  376141, current=190941.000, temperature=116.123885, regime=T>0
[225.0000] [optimize worker=3] iter=  386158, current=186541.000, temperature=113.452516, regime=T>0
[225.0001] [optimize worker=2] iter=  380174, current=179874.000, temperature=113.452345, regime=T>0
[225.0005] [optimize worker=1] iter=  382718, current=203208.000, temperature=113.451413, regime=T>0
[225.0007] [optimize worker=0] iter=  383305, current=190941.000, temperature=113.450661, regime=T>0
[226.0001] [optimize worker=2] iter=  386993, current=179874.000, temperature=110.839837, regime=T>0
[226.0001] [optimize worker=0] iter=  390550, current=190941.000, temperature=110.839611, regime=T>0
[226.0003] [optimize worker=3] iter=  392968, current=186541.000, temperature=110.839328, regime=T>0
[226.0003] [optimize worker=1] iter=  389786, current=203208.000, temperature=110.839312, regime=T>0
[227.0000] [optimize worker=3] iter=  400124, current=186541.000, temperature=108.287582, regime=T>0
[227.0000] [optimize worker=2] iter=  394170, current=179874.000, temperature=108.287481, regime=T>0
[227.0001] [optimize worker=1] iter=  396808, current=203208.000, temperature=108.287364, regime=T>0
[227.0003] [optimize worker=0] iter=  397891, current=190941.000, temperature=108.286918, regime=T>0
[227.3584] [optimize]  local best: worker=1, iter=  399400, score=198541.000
[228.0001] [optimize worker=0] iter=  405056, current=190941.000, temperature=105.793718, regime=T>0
[228.0001] [optimize worker=3] iter=  406845, current=186541.000, temperature=105.793726, regime=T>0
[228.0001] [optimize worker=2] iter=  400818, current=179874.000, temperature=105.793684, regime=T>0
[228.0001] [optimize worker=1] iter=  403811, current=198541.000, temperature=105.793621, regime=T>0
[229.0001] [optimize worker=3] iter=  413918, current=186541.000, temperature=103.357551, regime=T>0
[229.0001] [optimize worker=0] iter=  412008, current=190941.000, temperature=103.357413, regime=T>0
[229.0004] [optimize worker=2] iter=  407744, current=179874.000, temperature=103.356835, regime=T>0
[229.0007] [optimize worker=1] iter=  411029, current=198541.000, temperature=103.356066, regime=T>0
[230.0001] [optimize worker=0] iter=  419195, current=190941.000, temperature=100.977410, regime=T>0
[230.0002] [optimize worker=1] iter=  418271, current=198541.000, temperature=100.977102, regime=T>0
[230.0001] [optimize worker=3] iter=  420744, current=186541.000, temperature=100.977344, regime=T>0
[230.0004] [optimize worker=2] iter=  415019, current=179874.000, temperature=100.976692, regime=T>0
[231.0000] [optimize worker=2] iter=  422317, current=179874.000, temperature=98.652220, regime=T>0
[231.0000] [optimize worker=0] iter=  426198, current=190941.000, temperature=98.652159, regime=T>0
[231.0001] [optimize worker=1] iter=  425492, current=198541.000, temperature=98.652067, regime=T>0
[231.0010] [optimize worker=3] iter=  427677, current=186541.000, temperature=98.649957, regime=T>0
[232.0000] [optimize worker=2] iter=  429567, current=179874.000, temperature=96.380449, regime=T>0
[232.0000] [optimize worker=1] iter=  432829, current=198541.000, temperature=96.380435, regime=T>0
[232.0004] [optimize worker=0] iter=  433369, current=190941.000, temperature=96.379526, regime=T>0
[232.0010] [optimize worker=3] iter=  434713, current=186541.000, temperature=96.378200, regime=T>0
[233.0000] [optimize worker=3] iter=  441923, current=186541.000, temperature=94.160940, regime=T>0
[233.0000] [optimize worker=2] iter=  436465, current=179874.000, temperature=94.160920, regime=T>0
[233.0007] [optimize worker=0] iter=  440736, current=190941.000, temperature=94.159514, regime=T>0
[233.0008] [optimize worker=1] iter=  439961, current=198541.000, temperature=94.159300, regime=T>0
[234.0000] [optimize worker=0] iter=  447942, current=190941.000, temperature=91.992645, regime=T>0
[234.0001] [optimize worker=2] iter=  443579, current=179874.000, temperature=91.992442, regime=T>0
[234.0002] [optimize worker=1] iter=  447026, current=198541.000, temperature=91.992273, regime=T>0
[234.0008] [optimize worker=3] iter=  449015, current=186541.000, temperature=91.990855, regime=T>0
[235.0000] [optimize worker=2] iter=  450805, current=179874.000, temperature=89.874243, regime=T>0
[235.0000] [optimize worker=1] iter=  453977, current=198541.000, temperature=89.874244, regime=T>0
[235.0007] [optimize worker=0] iter=  455106, current=190941.000, temperature=89.872694, regime=T>0
[235.0010] [optimize worker=3] iter=  456098, current=186541.000, temperature=89.872238, regime=T>0
[236.0001] [optimize worker=0] iter=  462219, current=190941.000, temperature=87.804374, regime=T>0
[236.0003] [optimize worker=3] iter=  463227, current=186541.000, temperature=87.803980, regime=T>0
[236.0004] [optimize worker=2] iter=  457923, current=179874.000, temperature=87.803757, regime=T>0
[236.0009] [optimize worker=1] iter=  461350, current=198541.000, temperature=87.802723, regime=T>0
[237.0000] [optimize worker=3] iter=  470324, current=186541.000, temperature=85.782634, regime=T>0
[237.0003] [optimize worker=0] iter=  469526, current=190941.000, temperature=85.781954, regime=T>0
[237.0005] [optimize worker=2] iter=  464929, current=179874.000, temperature=85.781669, regime=T>0
[237.0007] [optimize worker=1] iter=  468553, current=198541.000, temperature=85.781250, regime=T>0
[238.0001] [optimize worker=0] iter=  476537, current=190941.000, temperature=83.807050, regime=T>0
[238.0001] [optimize worker=3] iter=  477470, current=186541.000, temperature=83.806985, regime=T>0
[238.0004] [optimize worker=2] iter=  471891, current=179874.000, temperature=83.806520, regime=T>0
[238.0014] [optimize worker=1] iter=  476075, current=198541.000, temperature=83.804479, regime=T>0
[239.0000] [optimize worker=3] iter=  484705, current=186541.000, temperature=81.877286, regime=T>0
[239.0001] [optimize worker=1] iter=  483713, current=198541.000, temperature=81.877063, regime=T>0
[239.0001] [optimize worker=2] iter=  478897, current=179874.000, temperature=81.877158, regime=T>0
[239.0012] [optimize worker=0] iter=  483549, current=190941.000, temperature=81.875061, regime=T>0
[240.0000] [optimize worker=2] iter=  485857, current=179874.000, temperature=79.991834, regime=T>0
[240.0001] [optimize worker=3] iter=  491693, current=186541.000, temperature=79.991567, regime=T>0
[240.0003] [optimize worker=1] iter=  490964, current=198541.000, temperature=79.991226, regime=T>0
[240.0006] [optimize worker=0] iter=  490716, current=190941.000, temperature=79.990741, regime=T>0
[241.0003] [optimize worker=0] iter=  497986, current=190941.000, temperature=78.149286, regime=T>0
[241.0005] [optimize worker=1] iter=  498111, current=198541.000, temperature=78.148928, regime=T>0
[241.0007] [optimize worker=3] iter=  498727, current=186541.000, temperature=78.148479, regime=T>0
[241.0011] [optimize worker=2] iter=  492924, current=179874.000, temperature=78.147686, regime=T>0
[242.0001] [optimize worker=3] iter=  505853, current=186541.000, temperature=76.349990, regime=T>0
[242.0003] [optimize worker=1] iter=  505087, current=198541.000, temperature=76.349631, regime=T>0
[242.0006] [optimize worker=2] iter=  500076, current=179874.000, temperature=76.349154, regime=T>0
[242.0013] [optimize worker=0] iter=  505226, current=190941.000, temperature=76.347735, regime=T>0
[243.0000] [optimize worker=0] iter=  512228, current=190941.000, temperature=74.591895, regime=T>0
[243.0000] [optimize worker=1] iter=  512244, current=198541.000, temperature=74.591887, regime=T>0
[243.0001] [optimize worker=2] iter=  507221, current=179874.000, temperature=74.591685, regime=T>0
[243.0006] [optimize worker=3] iter=  512765, current=186541.000, temperature=74.590987, regime=T>0
[244.0000] [optimize worker=1] iter=  519530, current=198541.000, temperature=72.874233, regime=T>0
[244.0000] [optimize worker=3] iter=  519809, current=186541.000, temperature=72.874192, regime=T>0
[244.0001] [optimize worker=2] iter=  514149, current=179874.000, temperature=72.874147, regime=T>0
[244.0003] [optimize worker=0] iter=  519370, current=190941.000, temperature=72.873797, regime=T>0
[245.0000] [optimize worker=2] iter=  520961, current=179874.000, temperature=71.196065, regime=T>0
[245.0001] [optimize worker=1] iter=  526809, current=198541.000, temperature=71.195891, regime=T>0
[245.0000] [optimize worker=3] iter=  526782, current=186541.000, temperature=71.196024, regime=T>0
[245.0010] [optimize worker=0] iter=  526494, current=190941.000, temperature=71.194475, regime=T>0
[246.0001] [optimize worker=1] iter=  533824, current=198541.000, temperature=69.556478, regime=T>0
[246.0002] [optimize worker=0] iter=  533474, current=190941.000, temperature=69.556195, regime=T>0
[246.0003] [optimize worker=2] iter=  527665, current=179874.000, temperature=69.556151, regime=T>0
[246.0009] [optimize worker=3] iter=  533658, current=186541.000, temperature=69.555053, regime=T>0
[246.2322] [optimize]  local best: worker=3, iter=  535119, score=179874.000
[246.3049] [optimize]  local best: worker=1, iter=  535944, score=196674.000
[247.0000] [optimize worker=1] iter=  540798, current=196674.000, temperature=67.954807, regime=T>0
[247.0001] [optimize worker=0] iter=  540480, current=190941.000, temperature=67.954690, regime=T>0
[247.0003] [optimize worker=3] iter=  540768, current=179874.000, temperature=67.954283, regime=T>0
[247.0012] [optimize worker=2] iter=  534678, current=179874.000, temperature=67.952901, regime=T>0
[247.7377] [optimize]  local best: worker=1, iter=  545990, score=194674.000
[248.0001] [optimize worker=3] iter=  548034, current=179874.000, temperature=66.389812, regime=T>0
[248.0001] [optimize worker=2] iter=  541498, current=179874.000, temperature=66.389769, regime=T>0
[248.0004] [optimize worker=0] iter=  547528, current=190941.000, temperature=66.389400, regime=T>0
[248.0009] [optimize worker=1] iter=  547920, current=194674.000, temperature=66.388534, regime=T>0
[248.6230] [optimize]  local best: worker=3, iter=  552268, score=173207.000
[248.6231] [optimize] shared best: worker=3, iter=  552268, score=173207.000
[249.0001] [optimize worker=3] iter=  554758, current=173207.000, temperature=64.860981, regime=T>0
[249.0001] [optimize worker=2] iter=  548547, current=179874.000, temperature=64.860961, regime=T>0
[249.0004] [optimize worker=1] iter=  554958, current=194674.000, temperature=64.860550, regime=T>0
[249.0017] [optimize worker=0] iter=  554713, current=190941.000, temperature=64.858518, regime=T>0
[250.0000] [optimize worker=2] iter=  555464, current=179874.000, temperature=63.367469, regime=T>0
[250.0001] [optimize worker=1] iter=  561942, current=194674.000, temperature=63.367394, regime=T>0
[250.0004] [optimize worker=0] iter=  561569, current=190941.000, temperature=63.366911, regime=T>0
[250.0005] [optimize worker=3] iter=  562143, current=173207.000, temperature=63.366688, regime=T>0
[250.9636] [optimize]  local best: worker=1, iter=  568712, score=188007.000
[251.0000] [optimize worker=2] iter=  562597, current=179874.000, temperature=61.908190, regime=T>0
[251.0001] [optimize worker=0] iter=  568774, current=190941.000, temperature=61.908131, regime=T>0
[251.0001] [optimize worker=3] iter=  569213, current=173207.000, temperature=61.908105, regime=T>0
[251.0005] [optimize worker=1] iter=  568924, current=188007.000, temperature=61.907527, regime=T>0
[252.0000] [optimize worker=2] iter=  569435, current=179874.000, temperature=60.482595, regime=T>0
[252.0001] [optimize worker=0] iter=  575808, current=190941.000, temperature=60.482449, regime=T>0
[252.0000] [optimize worker=3] iter=  576684, current=173207.000, temperature=60.482590, regime=T>0
[252.0008] [optimize worker=1] iter=  576163, current=188007.000, temperature=60.481491, regime=T>0
[253.0001] [optimize worker=1] iter=  583449, current=188007.000, temperature=59.089710, regime=T>0
[253.0003] [optimize worker=2] iter=  576356, current=179874.000, temperature=59.089435, regime=T>0
[253.0004] [optimize worker=0] iter=  583010, current=190941.000, temperature=59.089265, regime=T>0
[253.0006] [optimize worker=3] iter=  583810, current=173207.000, temperature=59.088954, regime=T>0
[254.0000] [optimize worker=2] iter=  583381, current=179874.000, temperature=57.729088, regime=T>0
[254.0000] [optimize worker=1] iter=  590749, current=188007.000, temperature=57.729073, regime=T>0
[254.0001] [optimize worker=3] iter=  590859, current=173207.000, temperature=57.728994, regime=T>0
[254.0004] [optimize worker=0] iter=  590295, current=190941.000, temperature=57.728567, regime=T>0
[255.0000] [optimize worker=3] iter=  597991, current=173207.000, temperature=56.399712, regime=T>0
[255.0000] [optimize worker=2] iter=  590428, current=179874.000, temperature=56.399702, regime=T>0
[255.0004] [optimize worker=1] iter=  597974, current=188007.000, temperature=56.399197, regime=T>0
[255.0005] [optimize worker=0] iter=  597615, current=190941.000, temperature=56.399111, regime=T>0
[256.0003] [optimize worker=2] iter=  597445, current=179874.000, temperature=55.100531, regime=T>0
[256.0007] [optimize worker=1] iter=  605174, current=188007.000, temperature=55.100045, regime=T>0
[256.0009] [optimize worker=3] iter=  605254, current=173207.000, temperature=55.099793, regime=T>0
[256.0010] [optimize worker=0] iter=  604928, current=190941.000, temperature=55.099618, regime=T>0
[257.0000] [optimize worker=2] iter=  604400, current=179874.000, temperature=53.832051, regime=T>0
[257.0003] [optimize worker=1] iter=  612470, current=188007.000, temperature=53.831753, regime=T>0
[257.0013] [optimize worker=0] iter=  611928, current=190941.000, temperature=53.830417, regime=T>0
[257.0013] [optimize worker=3] iter=  612556, current=173207.000, temperature=53.830419, regime=T>0
[257.0728] [optimize]  local best: worker=3, iter=  613064, score=166540.000
[257.0730] [optimize] shared best: worker=3, iter=  613064, score=166540.000
[258.0000] [optimize worker=0] iter=  619075, current=190941.000, temperature=52.592386, regime=T>0
[258.0000] [optimize worker=1] iter=  619587, current=188007.000, temperature=52.592359, regime=T>0
[258.0001] [optimize worker=3] iter=  620132, current=166540.000, temperature=52.592309, regime=T>0
[258.0004] [optimize worker=2] iter=  611248, current=179874.000, temperature=52.591958, regime=T>0
[259.0000] [optimize worker=0] iter=  626191, current=190941.000, temperature=51.381301, regime=T>0
[259.0007] [optimize worker=3] iter=  627336, current=166540.000, temperature=51.380423, regime=T>0
[259.0008] [optimize worker=1] iter=  626911, current=188007.000, temperature=51.380326, regime=T>0
[259.0011] [optimize worker=2] iter=  618525, current=179874.000, temperature=51.379990, regime=T>0
[260.0001] [optimize worker=3] iter=  634555, current=166540.000, temperature=50.197982, regime=T>0
[260.0002] [optimize worker=1] iter=  634391, current=188007.000, temperature=50.197899, regime=T>0
[260.0011] [optimize worker=2] iter=  625581, current=179874.000, temperature=50.196846, regime=T>0
[260.0012] [optimize worker=0] iter=  633080, current=190941.000, temperature=50.196693, regime=T>0
[261.0000] [optimize worker=2] iter=  632397, current=179874.000, temperature=49.042114, regime=T>0
[261.0000] [optimize worker=1] iter=  641481, current=188007.000, temperature=49.042086, regime=T>0
[261.0005] [optimize worker=0] iter=  640262, current=190941.000, temperature=49.041552, regime=T>0
[261.0006] [optimize worker=3] iter=  642115, current=166540.000, temperature=49.041456, regime=T>0
[262.0000] [optimize worker=0] iter=  647587, current=190941.000, temperature=47.912743, regime=T>0
[262.0005] [optimize worker=1] iter=  648712, current=188007.000, temperature=47.912283, regime=T>0
[262.0006] [optimize worker=2] iter=  639466, current=179874.000, temperature=47.912155, regime=T>0
[262.0011] [optimize worker=3] iter=  649146, current=166540.000, temperature=47.911607, regime=T>0
[262.7112] [optimize]  local best: worker=1, iter=  653943, score=175607.000
[263.0000] [optimize worker=2] iter=  646523, current=179874.000, temperature=46.809444, regime=T>0
[263.0000] [optimize worker=0] iter=  654694, current=190941.000, temperature=46.809426, regime=T>0
[263.0006] [optimize worker=1] iter=  656055, current=175607.000, temperature=46.808820, regime=T>0
[263.0010] [optimize worker=3] iter=  656434, current=166540.000, temperature=46.808372, regime=T>0
[264.0000] [optimize worker=2] iter=  653538, current=179874.000, temperature=45.731483, regime=T>0
[264.0001] [optimize worker=1] iter=  663461, current=175607.000, temperature=45.731370, regime=T>0
[264.0001] [optimize worker=3] iter=  663835, current=166540.000, temperature=45.731421, regime=T>0
[264.0007] [optimize worker=0] iter=  661940, current=190941.000, temperature=45.730805, regime=T>0
[265.0001] [optimize worker=3] iter=  671285, current=166540.000, temperature=44.678306, regime=T>0
[265.0002] [optimize worker=1] iter=  670899, current=175607.000, temperature=44.678239, regime=T>0
[265.0003] [optimize worker=2] iter=  660582, current=179874.000, temperature=44.678103, regime=T>0
[265.0004] [optimize worker=0] iter=  668885, current=190941.000, temperature=44.677953, regime=T>0
[266.0000] [optimize worker=3] iter=  678501, current=166540.000, temperature=43.649540, regime=T>0
[266.0002] [optimize worker=2] iter=  667663, current=179874.000, temperature=43.649365, regime=T>0
[266.0003] [optimize worker=0] iter=  676010, current=190941.000, temperature=43.649282, regime=T>0
[266.0008] [optimize worker=1] iter=  678177, current=175607.000, temperature=43.648699, regime=T>0
[267.0000] [optimize worker=0] iter=  683279, current=190941.000, temperature=42.644369, regime=T>0
[267.0000] [optimize worker=1] iter=  685680, current=175607.000, temperature=42.644368, regime=T>0
[267.0005] [optimize worker=2] iter=  675066, current=179874.000, temperature=42.643881, regime=T>0
[267.0007] [optimize worker=3] iter=  685831, current=166540.000, temperature=42.643726, regime=T>0
[268.0001] [optimize worker=1] iter=  693028, current=175607.000, temperature=41.662255, regime=T>0
[268.0001] [optimize worker=0] iter=  690281, current=190941.000, temperature=41.662242, regime=T>0
[268.0007] [optimize worker=3] iter=  693046, current=166540.000, temperature=41.661655, regime=T>0
[268.0011] [optimize worker=2] iter=  682125, current=179874.000, temperature=41.661305, regime=T>0
[269.0001] [optimize worker=2] iter=  688984, current=179874.000, temperature=40.702905, regime=T>0
[269.0001] [optimize worker=3] iter=  700017, current=166540.000, temperature=40.702868, regime=T>0
[269.0002] [optimize worker=0] iter=  697480, current=190941.000, temperature=40.702817, regime=T>0
[269.0009] [optimize worker=1] iter=  700310, current=175607.000, temperature=40.702125, regime=T>0
[269.6950] [optimize worker=0] iter=  702767, accepted=   63774, improved=       2, best_imports=    1, current=190941.000, local_best=190941.000, temp(z1>0)=400.492857->40.049286, temp(z1=0)=1000.000000->100.000000
neighbor stats:
  Large           : selected=  87743, succeeded=   4585 (  5.225%), improved=      1 (  0.022%, avg=  13334.00), accepted=   4481 ( 97.732%), time= 67.415s, avg=  0.768ms
  Shift           : selected= 439360, succeeded= 439360 (100.000%), improved=      0 (  0.000%, avg=      0.00), accepted=  29261 (  6.660%), time= 10.182s, avg=  0.023ms
  Move            : selected=  87642, succeeded=  13479 ( 15.380%), improved=      0 (  0.000%, avg=      0.00), accepted=  13479 (100.000%), time= 11.542s, avg=  0.132ms
  Rotate          : selected=  88022, succeeded=  88022 (100.000%), improved=      0 (  0.000%, avg=      0.00), accepted=  16553 ( 18.806%), time=  9.599s, avg=  0.109ms
[269.6952] [optimize worker=1] iter=  705487, accepted=   80670, improved=      15, best_imports=    0, current=175607.000, local_best=175607.000, temp(z1>0)=400.492857->40.049286, temp(z1=0)=1000.000000->100.000000
neighbor stats:
  Large           : selected=  88472, succeeded=   5182 (  5.857%), improved=     12 (  0.232%, avg=   5644.67), accepted=   5061 ( 97.665%), time= 66.708s, avg=  0.754ms
  Shift           : selected= 440691, succeeded= 440691 (100.000%), improved=      1 (  0.000%, avg=   6667.00), accepted=  39767 (  9.024%), time= 10.576s, avg=  0.024ms
  Move            : selected=  88016, succeeded=  15490 ( 17.599%), improved=      1 (  0.006%, avg=   6667.00), accepted=  15490 (100.000%), time= 11.311s, avg=  0.129ms
  Rotate          : selected=  88308, succeeded=  88308 (100.000%), improved=      1 (  0.001%, avg=   6667.00), accepted=  20352 ( 23.047%), time= 10.142s, avg=  0.115ms
[269.6953] [optimize worker=2] iter=  693743, accepted=   65979, improved=       4, best_imports=    0, current=179874.000, local_best=179874.000, temp(z1>0)=400.492857->40.049286, temp(z1=0)=1000.000000->100.000000
neighbor stats:
  Large           : selected=  87237, succeeded=   4802 (  5.505%), improved=      3 (  0.062%, avg=  12578.33), accepted=   4681 ( 97.480%), time= 67.726s, avg=  0.776ms
  Shift           : selected= 433589, succeeded= 433589 (100.000%), improved=      1 (  0.000%, avg=   6667.00), accepted=  32393 (  7.471%), time= 10.115s, avg=  0.023ms
  Move            : selected=  86640, succeeded=  13102 ( 15.122%), improved=      0 (  0.000%, avg=      0.00), accepted=  13102 (100.000%), time= 11.441s, avg=  0.132ms
  Rotate          : selected=  86277, succeeded=  86277 (100.000%), improved=      0 (  0.000%, avg=      0.00), accepted=  15803 ( 18.317%), time=  9.457s, avg=  0.110ms
[269.6955] [optimize worker=3] iter=  704910, accepted=   72044, improved=       9, best_imports=    1, current=166540.000, local_best=166540.000, temp(z1>0)=400.492857->40.049286, temp(z1=0)=1000.000000->100.000000
neighbor stats:
  Large           : selected=  87734, succeeded=   4887 (  5.570%), improved=      6 (  0.123%, avg=   7400.33), accepted=   4813 ( 98.486%), time= 67.239s, avg=  0.766ms
  Shift           : selected= 440819, succeeded= 440819 (100.000%), improved=      1 (  0.000%, avg=   6667.00), accepted=  35005 (  7.941%), time= 10.290s, avg=  0.023ms
  Move            : selected=  88165, succeeded=  14589 ( 16.547%), improved=      1 (  0.007%, avg=   6667.00), accepted=  14589 (100.000%), time= 11.549s, avg=  0.131ms
  Rotate          : selected=  88192, succeeded=  88192 (100.000%), improved=      0 (  0.000%, avg=      0.00), accepted=  17637 ( 19.998%), time=  9.661s, avg=  0.110ms
[269.6956] [optimize] result: best=166540.000
[reconstruct-weight] horizon=6 attempts=351186 changed=14806 unchanged=4650 failed=331730 changed_rate=4.22%
  marginal volume: 0:[125534,3942,3.14%] 1:[157886,6991,4.43%] 2:[61735,3452,5.59%] 3:[5586,387,6.93%] 4:[415,33,7.95%] 5:[28,0,0.00%] 6:[2,1,50.00%] 7:[0,0,0.00%]
  marginal pref_spread: 0:[125302,5577,4.45%] 1:[157581,6713,4.26%] 2:[62065,2312,3.73%] 3:[5746,191,3.32%] 4:[446,12,2.69%] 5:[44,1,2.27%] 6:[2,0,0.00%] 7:[0,0,0.00%]
  marginal limit_time_urgency: 0:[125775,4423,3.52%] 1:[157600,6876,4.36%] 2:[61758,3159,5.12%] 3:[5579,314,5.63%] 4:[442,30,6.79%] 5:[30,4,13.33%] 6:[2,0,0.00%] 7:[0,0,0.00%]
  marginal slack_tightness: 0:[125124,6056,4.84%] 1:[157946,6616,4.19%] 2:[61876,2008,3.25%] 3:[5755,117,2.03%] 4:[451,9,2.00%] 5:[29,0,0.00%] 6:[5,0,0.00%] 7:[0,0,0.00%]
  marginal current_penalty: 0:[125108,5628,4.50%] 1:[157866,6580,4.17%] 2:[62071,2381,3.84%] 3:[5654,201,3.56%] 4:[448,15,3.35%] 5:[32,1,3.12%] 6:[7,0,0.00%] 7:[0,0,0.00%]
  marginal random: 0:[125776,5912,4.70%] 1:[157642,6586,4.18%] 2:[61826,2134,3.45%] 3:[5434,158,2.91%] 4:[471,16,3.40%] 5:[36,0,0.00%] 6:[1,0,0.00%] 7:[0,0,0.00%]
  top2: volume+pref_spread:[23313,1170,5.02%] volume+limit_time_urgency:[23329,1677,7.19%] pref_spread+limit_time_urgency:[23515,1110,4.72%] volume+slack_tightness:[23201,1072,4.62%] pref_spread+slack_tightness:[23639,665,2.81%] limit_time_urgency+slack_tightness:[23562,965,4.10%] volume+current_penalty:[23509,1247,5.30%] pref_spread+current_penalty:[23739,797,3.36%] limit_time_urgency+current_penalty:[23349,1081,4.63%] slack_tightness+current_penalty:[23512,724,3.08%] volume+random:[23293,1117,4.80%] pref_spread+random:[23350,746,3.19%] limit_time_urgency+random:[23046,1037,4.50%] slack_tightness+random:[23655,621,2.63%] current_penalty+random:[23174,777,3.35%]
  top3: volume+pref_spread+limit_time_urgency:[17504,1155,6.60%] volume+pref_spread+slack_tightness:[17523,715,4.08%] volume+limit_time_urgency+slack_tightness:[17520,1016,5.80%] pref_spread+limit_time_urgency+slack_tightness:[17446,669,3.83%] volume+pref_spread+current_penalty:[17442,834,4.78%] volume+limit_time_urgency+current_penalty:[17656,1078,6.11%] pref_spread+limit_time_urgency+current_penalty:[17637,711,4.03%] volume+slack_tightness+current_penalty:[17537,768,4.38%] pref_spread+slack_tightness+current_penalty:[17796,503,2.83%] limit_time_urgency+slack_tightness+current_penalty:[17916,670,3.74%] volume+pref_spread+random:[17599,786,4.47%] volume+limit_time_urgency+random:[17214,1030,5.98%] pref_spread+limit_time_urgency+random:[17372,702,4.04%] volume+slack_tightness+random:[17615,669,3.80%] pref_spread+slack_tightness+random:[17782,451,2.54%] limit_time_urgency+slack_tightness+random:[17478,590,3.38%] volume+current_penalty+random:[17522,801,4.57%] pref_spread+current_penalty+random:[17531,487,2.78%] limit_time_urgency+current_penalty+random:[17562,685,3.90%] slack_tightness+current_penalty+random:[17534,486,2.77%]
  pair_top20: volume[3]+limit_time_urgency[2]:[512,65,12.70%] volume[4]+pref_spread[1]:[106,13,12.26%] volume[4]+slack_tightness[0]:[294,26,8.84%] volume[4]+limit_time_urgency[1]:[102,9,8.82%] volume[4]+random[0]:[302,26,8.61%] volume[2]+limit_time_urgency[3]:[521,42,8.06%] volume[4]+current_penalty[0]:[299,24,8.03%] volume[4]+limit_time_urgency[0]:[296,23,7.77%] volume[1]+limit_time_urgency[3]:[1583,119,7.52%] volume[3]+random[0]:[3405,251,7.37%] volume[2]+limit_time_urgency[2]:[8497,625,7.36%] volume[3]+current_penalty[0]:[3463,254,7.33%] limit_time_urgency[4]+current_penalty[0]:[315,23,7.30%] volume[3]+limit_time_urgency[1]:[1536,112,7.29%] volume[0]+limit_time_urgency[4]:[321,23,7.17%] volume[3]+pref_spread[1]:[1595,114,7.15%] volume[3]+slack_tightness[0]:[3435,245,7.13%] limit_time_urgency[4]+slack_tightness[0]:[337,24,7.12%] limit_time_urgency[4]+random[0]:[311,22,7.07%] volume[3]+slack_tightness[2]:[508,35,6.89%]
[269.7657] [expand] best: trial=1, score=392149.000
[269.7703] [expand] best: trial=1, score=346414.000
[269.7703] [expand] best: trial=1, score=354548.000
[269.7844] [expand] best: trial=1, score=475886.000
[269.7850] [expand] best: trial=2, score=391217.000
[269.7873] [expand] best: trial=2, score=307746.000
[269.7966] [expand] best: trial=2, score=423084.000
[269.8043] [expand] best: trial=5, score=339880.000
[269.8051] [expand] best: trial=5, score=294412.000
[269.8111] [expand] best: trial=4, score=422952.000
[269.8148] [expand] best: trial=6, score=339881.000
[269.8274] [expand] best: trial=6, score=422284.000
[269.8307] [expand] best: trial=7, score=398416.000
[269.8417] [expand] best: trial=9, score=386550.000
[269.8532] [expand] best: trial=18, score=332013.000
[269.8575] [expand] best: trial=21, score=281212.000
[269.8684] [expand] best: trial=25, score=273344.000
[269.8767] [expand] best: trial=28, score=333747.000
[269.8911] [expand] best: trial=28, score=382283.000
[269.9073] [expand] best: trial=39, score=306546.000
[269.9232] [expand] best: trial=54, score=273211.000
[269.9896] [expand] best: trial=80, score=305746.000
[270.0205] [expand] best: trial=81, score=377349.000
[270.0364] [expand] best: trial=112, score=252810.000
[270.1013] [expand] best: trial=119, score=369616.000
[270.1859] [expand] best: trial=183, score=299879.000
[270.2627] [expand] best: trial=196, score=364815.000
[270.4166] [expand] best: trial=350, score=246410.000
[270.4996] [expand] best: trial=355, score=327212.000
[270.5988] [expand] best: trial=410, score=324281.000
[270.6842] [expand] best: trial=408, score=362016.000
[270.7980] [expand] best: trial=607, score=233876.000
[270.9465] [expand] best: trial=543, score=361481.000
[271.0373] [expand] best: trial=786, score=226543.000
[271.1507] [expand] best: trial=646, score=356815.000
[271.5467] [expand] best: trial=948, score=293211.000
[272.9117] [expand] best: trial=1704, score=320545.000
[273.0357] [expand] best: trial=1631, score=355615.000
[273.1853] [expand] best: trial=1915, score=292012.000
[273.3676] [expand] best: trial=2029, score=290411.000
[274.0866] [expand] best: trial=2460, score=286544.000
[274.1428] [expand] best: trial=2215, score=351748.000
[274.6958] [expand] finish: trials=3903, score=226543.000
[274.6959] [expand] finish: trials=2841, score=286544.000
[274.6960] [expand] finish: trials=2724, score=320545.000
[274.6961] [expand] finish: trials=2513, score=351748.000
[274.6961] [optimize] horizon=7/8, blocks=131, initial=226543.000, w2=0.000
[274.8802] [optimize]  local best: worker=0, iter=     347, score=316279.000
[274.9635] [optimize]  local best: worker=1, iter=     752, score=331747.000
[274.9711] [optimize]  local best: worker=0, iter=     701, score=309612.000
[274.9775] [optimize]  local best: worker=1, iter=     813, score=325080.000
[275.0000] [optimize worker=3] iter=     830, current=226543.000, temperature=344.106422, regime=T>0
[275.0000] [optimize worker=2] iter=     809, current=286544.000, temperature=344.106156, regime=T>0
[275.0004] [optimize worker=0] iter=     828, current=309612.000, temperature=344.104246, regime=T>0
[275.0035] [optimize worker=1] iter=     931, current=325080.000, temperature=344.086481, regime=T>0
[275.2416] [optimize]  local best: worker=1, iter=    2007, score=226543.000
[275.3029] [optimize]  local best: worker=0, iter=    2031, score=226543.000
[275.4538] [optimize]  local best: worker=2, iter=    2953, score=273210.000
[275.6101] [optimize]  local best: worker=3, iter=    3558, score=219876.000
[275.6102] [optimize] shared best: worker=3, iter=    3558, score=219876.000
[275.6874] [optimize]  local best: worker=2, iter=    3998, score=272410.000
[276.0004] [optimize worker=1] iter=    6339, current=227343.000, temperature=338.371115, regime=T>0
[276.0010] [optimize worker=3] iter=    5391, current=219876.000, temperature=338.367737, regime=T>0
[276.0013] [optimize worker=0] iter=    5881, current=226543.000, temperature=338.366108, regime=T>0
[276.0019] [optimize worker=2] iter=    5616, current=272410.000, temperature=338.362630, regime=T>0
[276.0997] [optimize]  local best: worker=1, iter=    6915, score=219876.000
[276.1935] [optimize]  local best: worker=2, iter=    6575, score=260143.000
[276.3010] [optimize]  local best: worker=2, iter=    7230, score=259743.000
[276.4310] [optimize]  local best: worker=0, iter=    8360, score=219876.000
[277.0001] [optimize worker=3] iter=   11377, current=219876.000, temperature=332.735550, regime=T>0
[277.0004] [optimize worker=1] iter=   11951, current=219876.000, temperature=332.734132, regime=T>0
[277.0016] [optimize worker=0] iter=   11741, current=219876.000, temperature=332.727226, regime=T>0
[277.0019] [optimize worker=2] iter=   10835, current=259744.000, temperature=332.725452, regime=T>0
[278.0000] [optimize worker=0] iter=   17534, current=219876.000, temperature=327.192620, regime=T>0
[278.0000] [optimize worker=2] iter=   16160, current=259744.000, temperature=327.192634, regime=T>0
[278.0001] [optimize worker=1] iter=   17815, current=219876.000, temperature=327.192254, regime=T>0
[278.0007] [optimize worker=3] iter=   17631, current=219876.000, temperature=327.188768, regime=T>0
[278.1824] [optimize]  local best: worker=2, iter=   17278, score=253077.000
[278.5033] [optimize]  local best: worker=2, iter=   19009, score=246810.000
[279.0002] [optimize worker=3] iter=   24224, current=219876.000, temperature=321.740772, regime=T>0
[279.0005] [optimize worker=0] iter=   23729, current=219876.000, temperature=321.739161, regime=T>0
[279.0010] [optimize worker=1] iter=   24180, current=219876.000, temperature=321.736031, regime=T>0
[279.0014] [optimize worker=2] iter=   21935, current=246810.000, temperature=321.733900, regime=T>0
[279.5218] [optimize]  local best: worker=0, iter=   26937, score=213209.000
[279.5219] [optimize] shared best: worker=0, iter=   26937, score=213209.000
[280.0000] [optimize worker=2] iter=   27456, current=246810.000, temperature=316.381146, regime=T>0
[280.0005] [optimize worker=1] iter=   30753, current=219876.000, temperature=316.378821, regime=T>0
[280.0005] [optimize worker=3] iter=   30562, current=219876.000, temperature=316.378767, regime=T>0
[280.0005] [optimize worker=0] iter=   29828, current=213209.000, temperature=316.378460, regime=T>0
[281.0000] [optimize worker=3] iter=   36454, current=219876.000, temperature=311.110478, regime=T>0
[281.0000] [optimize worker=2] iter=   33454, current=246810.000, temperature=311.110304, regime=T>0
[281.0001] [optimize worker=0] iter=   36267, current=213209.000, temperature=311.110006, regime=T>0
[281.0002] [optimize worker=1] iter=   37044, current=219876.000, temperature=311.109551, regime=T>0
[282.0001] [optimize worker=0] iter=   42666, current=213209.000, temperature=305.926841, regime=T>0
[282.0001] [optimize worker=1] iter=   43975, current=219876.000, temperature=305.926887, regime=T>0
[282.0001] [optimize worker=2] iter=   39139, current=246810.000, temperature=305.926752, regime=T>0
[282.0003] [optimize worker=3] iter=   42592, current=219876.000, temperature=305.926011, regime=T>0
[282.3247] [optimize]  local best: worker=3, iter=   44459, score=213209.000
[282.6717] [optimize]  local best: worker=3, iter=   46757, score=212142.000
[282.6723] [optimize] shared best: worker=3, iter=   46757, score=212142.000
[282.9861] [optimize]  local best: worker=3, iter=   48781, score=206542.000
[282.9862] [optimize] shared best: worker=3, iter=   48781, score=206542.000
[283.0000] [optimize worker=3] iter=   48889, current=206542.000, temperature=300.830307, regime=T>0
[283.0002] [optimize worker=2] iter=   45107, current=246810.000, temperature=300.829284, regime=T>0
[283.0004] [optimize worker=1] iter=   50325, current=219876.000, temperature=300.828448, regime=T>0
[283.0014] [optimize worker=0] iter=   49108, current=213209.000, temperature=300.823266, regime=T>0
[284.0001] [optimize worker=0] iter=   55582, current=213209.000, temperature=295.818222, regime=T>0
[284.0003] [optimize worker=2] iter=   51078, current=246810.000, temperature=295.816901, regime=T>0
[284.0007] [optimize worker=3] iter=   55227, current=206542.000, temperature=295.815076, regime=T>0
[284.0010] [optimize worker=1] iter=   56699, current=219876.000, temperature=295.813673, regime=T>0
[284.6082] [optimize]  local best: worker=2, iter=   54793, score=246410.000
[285.0001] [optimize worker=0] iter=   62043, current=213209.000, temperature=290.889499, regime=T>0
[285.0001] [optimize worker=3] iter=   61671, current=206542.000, temperature=290.889510, regime=T>0
[285.0007] [optimize worker=1] iter=   62906, current=219876.000, temperature=290.886800, regime=T>0
[285.0007] [optimize worker=2] iter=   57044, current=246410.000, temperature=290.886590, regime=T>0
[285.3927] [optimize]  local best: worker=0, iter=   64561, score=206542.000
[286.0001] [optimize worker=2] iter=   62795, current=246410.000, temperature=286.043184, regime=T>0
[286.0005] [optimize worker=1] iter=   69305, current=219876.000, temperature=286.041623, regime=T>0
[286.0006] [optimize worker=0] iter=   68403, current=206542.000, temperature=286.040686, regime=T>0
[286.0010] [optimize worker=3] iter=   67898, current=206542.000, temperature=286.039286, regime=T>0
[287.0000] [optimize worker=1] iter=   75474, current=219876.000, temperature=281.278136, regime=T>0
[287.0001] [optimize worker=0] iter=   74894, current=206542.000, temperature=281.277906, regime=T>0
[287.0001] [optimize worker=3] iter=   74150, current=206542.000, temperature=281.277722, regime=T>0
[287.0003] [optimize worker=2] iter=   68984, current=246410.000, temperature=281.276750, regime=T>0
[288.0000] [optimize worker=0] iter=   81216, current=206542.000, temperature=276.591925, regime=T>0
[288.0001] [optimize worker=1] iter=   81756, current=219876.000, temperature=276.591880, regime=T>0
[288.0007] [optimize worker=3] iter=   80574, current=206542.000, temperature=276.589049, regime=T>0
[288.0010] [optimize worker=2] iter=   74901, current=246410.000, temperature=276.587587, regime=T>0
[288.6203] [optimize]  local best: worker=1, iter=   86015, score=213209.000
[288.6613] [optimize]  local best: worker=0, iter=   85379, score=199875.000
[288.6614] [optimize] shared best: worker=0, iter=   85379, score=199875.000
[288.7569] [optimize]  local best: worker=2, iter=   79243, score=239877.000
[288.9523] [optimize]  local best: worker=2, iter=   80323, score=236010.000
[289.0002] [optimize worker=3] iter=   87155, current=206542.000, temperature=271.982997, regime=T>0
[289.0004] [optimize worker=0] iter=   87503, current=199875.000, temperature=271.982382, regime=T>0
[289.0004] [optimize worker=2] iter=   80519, current=236010.000, temperature=271.982040, regime=T>0
[289.0011] [optimize worker=1] iter=   88539, current=213209.000, temperature=271.979017, regime=T>0
[289.3390] [optimize]  local best: worker=2, iter=   82593, score=233210.000
[290.0004] [optimize worker=3] iter=   93618, current=206542.000, temperature=267.450937, regime=T>0
[290.0004] [optimize worker=0] iter=   93836, current=199875.000, temperature=267.450775, regime=T>0
[290.0008] [optimize worker=1] iter=   94794, current=213209.000, temperature=267.449048, regime=T>0
[290.0009] [optimize worker=2] iter=   86439, current=233210.000, temperature=267.448727, regime=T>0
[291.0000] [optimize worker=2] iter=   92484, current=233210.000, temperature=262.996693, regime=T>0
[291.0001] [optimize worker=0] iter=  100368, current=199875.000, temperature=262.996562, regime=T>0
[291.0001] [optimize worker=1] iter=  100988, current=213209.000, temperature=262.996527, regime=T>0
[291.0001] [optimize worker=3] iter=  100066, current=206542.000, temperature=262.996536, regime=T>0
[292.0000] [optimize worker=3] iter=  106242, current=206542.000, temperature=258.615320, regime=T>0
[292.0001] [optimize worker=2] iter=   98316, current=233210.000, temperature=258.614792, regime=T>0
[292.0002] [optimize worker=0] iter=  107164, current=199875.000, temperature=258.614329, regime=T>0
[292.0003] [optimize worker=1] iter=  107141, current=213209.000, temperature=258.613889, regime=T>0
[293.0002] [optimize worker=0] iter=  113369, current=199875.000, temperature=254.305732, regime=T>0
[293.0003] [optimize worker=3] iter=  112882, current=206542.000, temperature=254.305472, regime=T>0
[293.0004] [optimize worker=2] iter=  104400, current=233210.000, temperature=254.304819, regime=T>0
[293.0014] [optimize worker=1] iter=  113512, current=213209.000, temperature=254.300852, regime=T>0
[293.3797] [optimize]  local best: worker=3, iter=  115298, score=205475.000
[294.0000] [optimize worker=2] iter=  110541, current=233210.000, temperature=250.069866, regime=T>0
[294.0001] [optimize worker=1] iter=  120091, current=213209.000, temperature=250.069437, regime=T>0
[294.0005] [optimize worker=3] iter=  119472, current=205475.000, temperature=250.068037, regime=T>0
[294.0005] [optimize worker=0] iter=  119852, current=199875.000, temperature=250.067900, regime=T>0
[295.0000] [optimize worker=0] iter=  126257, current=199875.000, temperature=245.903528, regime=T>0
[295.0000] [optimize worker=2] iter=  116457, current=233210.000, temperature=245.903521, regime=T>0
[295.0001] [optimize worker=3] iter=  125618, current=205475.000, temperature=245.903283, regime=T>0
[295.0009] [optimize worker=1] iter=  126429, current=213209.000, temperature=245.900057, regime=T>0
[296.0001] [optimize worker=2] iter=  122481, current=233210.000, temperature=241.806665, regime=T>0
[296.0002] [optimize worker=1] iter=  133069, current=213209.000, temperature=241.806192, regime=T>0
[296.0009] [optimize worker=0] iter=  132797, current=199875.000, temperature=241.803304, regime=T>0
[296.0009] [optimize worker=3] iter=  132177, current=205475.000, temperature=241.803272, regime=T>0
[297.0000] [optimize worker=0] iter=  138906, current=199875.000, temperature=237.778297, regime=T>0
[297.0000] [optimize worker=3] iter=  138471, current=205475.000, temperature=237.778343, regime=T>0
[297.0000] [optimize worker=1] iter=  139120, current=213209.000, temperature=237.778224, regime=T>0
[297.0001] [optimize worker=2] iter=  128469, current=233210.000, temperature=237.777811, regime=T>0
[298.0000] [optimize worker=2] iter=  134440, current=233210.000, temperature=233.816852, regime=T>0
[298.0000] [optimize worker=0] iter=  145300, current=199875.000, temperature=233.816789, regime=T>0
[298.0003] [optimize worker=1] iter=  145191, current=213209.000, temperature=233.815661, regime=T>0
[298.0008] [optimize worker=3] iter=  144983, current=205475.000, temperature=233.813671, regime=T>0
[299.0001] [optimize worker=1] iter=  151750, current=213209.000, temperature=229.920920, regime=T>0
[299.0002] [optimize worker=3] iter=  151111, current=205475.000, temperature=229.920921, regime=T>0
[299.0007] [optimize worker=0] iter=  151744, current=199875.000, temperature=229.918786, regime=T>0
[299.0010] [optimize worker=2] iter=  140449, current=233210.000, temperature=229.917703, regime=T>0
[300.0000] [optimize worker=0] iter=  158259, current=199875.000, temperature=226.090836, regime=T>0
[300.0002] [optimize worker=2] iter=  146705, current=233210.000, temperature=226.089992, regime=T>0
[300.0003] [optimize worker=3] iter=  157445, current=205475.000, temperature=226.089821, regime=T>0
[300.0007] [optimize worker=1] iter=  158117, current=213209.000, temperature=226.088228, regime=T>0
[301.0000] [optimize worker=0] iter=  164681, current=199875.000, temperature=222.324170, regime=T>0
[301.0002] [optimize worker=2] iter=  152914, current=233210.000, temperature=222.323321, regime=T>0
[301.0008] [optimize worker=3] iter=  163742, current=205475.000, temperature=222.321320, regime=T>0
[301.0010] [optimize worker=1] iter=  164664, current=213209.000, temperature=222.320672, regime=T>0
[302.0000] [optimize worker=3] iter=  170249, current=205475.000, temperature=218.620237, regime=T>0
[302.0001] [optimize worker=0] iter=  171103, current=199875.000, temperature=218.619732, regime=T>0
[302.0000] [optimize worker=2] iter=  158980, current=233210.000, temperature=218.620123, regime=T>0
[302.0005] [optimize worker=1] iter=  171189, current=213209.000, temperature=218.618295, regime=T>0
[303.0001] [optimize worker=2] iter=  165077, current=233210.000, temperature=214.977534, regime=T>0
[303.0002] [optimize worker=1] iter=  177712, current=213209.000, temperature=214.977139, regime=T>0
[303.0002] [optimize worker=0] iter=  177520, current=199875.000, temperature=214.977082, regime=T>0
[303.0005] [optimize worker=3] iter=  176719, current=205475.000, temperature=214.976337, regime=T>0
[304.0000] [optimize worker=1] iter=  183813, current=213209.000, temperature=211.396362, regime=T>0
[304.0002] [optimize worker=3] iter=  183051, current=205475.000, temperature=211.395764, regime=T>0
[304.0012] [optimize worker=0] iter=  183831, current=199875.000, temperature=211.392213, regime=T>0
[304.0016] [optimize worker=2] iter=  171355, current=233210.000, temperature=211.390860, regime=T>0
[304.0357] [optimize]  local best: worker=1, iter=  184044, score=212142.000
[305.0002] [optimize worker=3] iter=  189485, current=205475.000, temperature=207.873861, regime=T>0
[305.0003] [optimize worker=0] iter=  190084, current=199875.000, temperature=207.873266, regime=T>0
[305.0004] [optimize worker=1] iter=  190511, current=212142.000, temperature=207.873042, regime=T>0
[305.0011] [optimize worker=2] iter=  177385, current=233210.000, temperature=207.870654, regime=T>0
[306.0001] [optimize worker=1] iter=  197183, current=212142.000, temperature=204.410887, regime=T>0
[306.0003] [optimize worker=3] iter=  195728, current=205475.000, temperature=204.410290, regime=T>0
[306.0005] [optimize worker=2] iter=  183563, current=233210.000, temperature=204.409545, regime=T>0
[306.0014] [optimize worker=0] iter=  196619, current=199875.000, temperature=204.406596, regime=T>0
[307.0000] [optimize worker=0] iter=  202963, current=199875.000, temperature=201.005686, regime=T>0
[307.0003] [optimize worker=2] iter=  189484, current=233210.000, temperature=201.004856, regime=T>0
[307.0005] [optimize worker=1] iter=  203423, current=212142.000, temperature=201.003984, regime=T>0
[307.0010] [optimize worker=3] iter=  202361, current=205475.000, temperature=201.002457, regime=T>0
[308.0000] [optimize worker=0] iter=  209280, current=199875.000, temperature=197.656921, regime=T>0
[308.0001] [optimize worker=2] iter=  195561, current=233210.000, temperature=197.656616, regime=T>0
[308.0002] [optimize worker=1] iter=  209905, current=212142.000, temperature=197.656122, regime=T>0
[308.0006] [optimize worker=3] iter=  208598, current=205475.000, temperature=197.655121, regime=T>0
[309.0000] [optimize worker=0] iter=  215611, current=199875.000, temperature=194.363851, regime=T>0
[309.0008] [optimize worker=2] iter=  201588, current=233210.000, temperature=194.361361, regime=T>0
[309.0010] [optimize worker=1] iter=  216515, current=212142.000, temperature=194.360777, regime=T>0
[309.0010] [optimize worker=3] iter=  215132, current=205475.000, temperature=194.360747, regime=T>0
[310.0001] [optimize worker=3] iter=  221376, current=205475.000, temperature=191.125650, regime=T>0
[310.0001] [optimize worker=2] iter=  207573, current=233210.000, temperature=191.125586, regime=T>0
[310.0002] [optimize worker=0] iter=  222205, current=199875.000, temperature=191.125093, regime=T>0
[310.0007] [optimize worker=1] iter=  223096, current=212142.000, temperature=191.123401, regime=T>0
[311.0000] [optimize worker=2] iter=  213598, current=233210.000, temperature=187.941504, regime=T>0
[311.0001] [optimize worker=3] iter=  227903, current=205475.000, temperature=187.941475, regime=T>0
[311.0002] [optimize worker=0] iter=  228571, current=199875.000, temperature=187.940920, regime=T>0
[311.0003] [optimize worker=1] iter=  229810, current=212142.000, temperature=187.940546, regime=T>0
[312.0001] [optimize worker=2] iter=  219409, current=233210.000, temperature=184.810049, regime=T>0
[312.0002] [optimize worker=3] iter=  234268, current=205475.000, temperature=184.809810, regime=T>0
[312.0006] [optimize worker=1] iter=  236442, current=212142.000, temperature=184.808575, regime=T>0
[312.0017] [optimize worker=0] iter=  235004, current=199875.000, temperature=184.805109, regime=T>0
[313.0000] [optimize worker=2] iter=  225347, current=233210.000, temperature=181.731439, regime=T>0
[313.0000] [optimize worker=0] iter=  240930, current=199875.000, temperature=181.731385, regime=T>0
[313.0002] [optimize worker=1] iter=  242429, current=212142.000, temperature=181.730791, regime=T>0
[313.0010] [optimize worker=3] iter=  240383, current=205475.000, temperature=181.728475, regime=T>0
[313.2875] [optimize]  local best: worker=1, iter=  244187, score=205475.000
[314.0001] [optimize worker=2] iter=  231321, current=233210.000, temperature=178.703355, regime=T>0
[314.0002] [optimize worker=3] iter=  246921, current=205475.000, temperature=178.703086, regime=T>0
[314.0004] [optimize worker=0] iter=  247254, current=199875.000, temperature=178.702425, regime=T>0
[314.0010] [optimize worker=1] iter=  248725, current=205475.000, temperature=178.700707, regime=T>0
[315.0000] [optimize worker=3] iter=  253120, current=205475.000, temperature=175.726547, regime=T>0
[315.0002] [optimize worker=1] iter=  255234, current=205475.000, temperature=175.726001, regime=T>0
[315.0003] [optimize worker=0] iter=  253732, current=199875.000, temperature=175.725556, regime=T>0
[315.0005] [optimize worker=2] iter=  237333, current=233210.000, temperature=175.725075, regime=T>0
[316.0000] [optimize worker=1] iter=  261577, current=205475.000, temperature=172.798782, regime=T>0
[316.0001] [optimize worker=2] iter=  243007, current=233210.000, temperature=172.798537, regime=T>0
[316.0010] [optimize worker=3] iter=  259308, current=205475.000, temperature=172.796134, regime=T>0
[316.0014] [optimize worker=0] iter=  260077, current=199875.000, temperature=172.794684, regime=T>0
[317.0000] [optimize worker=1] iter=  268195, current=205475.000, temperature=169.920009, regime=T>0
[317.0003] [optimize worker=0] iter=  266508, current=199875.000, temperature=169.919230, regime=T>0
[317.0010] [optimize worker=3] iter=  265748, current=205475.000, temperature=169.917272, regime=T>0
[317.0012] [optimize worker=2] iter=  248809, current=233210.000, temperature=169.916559, regime=T>0
[318.0001] [optimize worker=1] iter=  274482, current=205475.000, temperature=167.088893, regime=T>0
[318.0002] [optimize worker=0] iter=  273086, current=199875.000, temperature=167.088499, regime=T>0
[318.0005] [optimize worker=3] iter=  272113, current=205475.000, temperature=167.087897, regime=T>0
[318.0005] [optimize worker=2] iter=  254655, current=233210.000, temperature=167.087589, regime=T>0
[319.0002] [optimize worker=0] iter=  279416, current=199875.000, temperature=164.304856, regime=T>0
[319.0004] [optimize worker=3] iter=  278604, current=205475.000, temperature=164.304427, regime=T>0
[319.0008] [optimize worker=2] iter=  260617, current=233210.000, temperature=164.303249, regime=T>0
[319.0008] [optimize worker=1] iter=  280677, current=205475.000, temperature=164.303131, regime=T>0
[320.0000] [optimize worker=0] iter=  285894, current=199875.000, temperature=161.568018, regime=T>0
[320.0000] [optimize worker=1] iter=  287083, current=205475.000, temperature=161.568018, regime=T>0
[320.0003] [optimize worker=2] iter=  266565, current=233210.000, temperature=161.567157, regime=T>0
[320.0014] [optimize worker=3] iter=  285064, current=205475.000, temperature=161.564266, regime=T>0
[321.0000] [optimize worker=1] iter=  293655, current=205475.000, temperature=158.876221, regime=T>0
[321.0002] [optimize worker=3] iter=  291484, current=205475.000, temperature=158.875771, regime=T>0
[321.0005] [optimize worker=2] iter=  272453, current=233210.000, temperature=158.875055, regime=T>0
[321.0006] [optimize worker=0] iter=  292157, current=199875.000, temperature=158.874568, regime=T>0
[322.0000] [optimize worker=3] iter=  297931, current=205475.000, temperature=156.229275, regime=T>0
[322.0001] [optimize worker=2] iter=  278740, current=233210.000, temperature=156.229076, regime=T>0
[322.0009] [optimize worker=0] iter=  298601, current=199875.000, temperature=156.227016, regime=T>0
[322.0015] [optimize worker=1] iter=  299985, current=205475.000, temperature=156.225430, regime=T>0
[323.0000] [optimize worker=2] iter=  284741, current=233210.000, temperature=153.626532, regime=T>0
[323.0001] [optimize worker=0] iter=  304999, current=199875.000, temperature=153.626379, regime=T>0
[323.0001] [optimize worker=1] iter=  306262, current=205475.000, temperature=153.626371, regime=T>0
[323.0005] [optimize worker=3] iter=  304090, current=205475.000, temperature=153.625373, regime=T>0
[324.0004] [optimize worker=0] iter=  311548, current=199875.000, temperature=151.066193, regime=T>0
[324.0006] [optimize worker=3] iter=  310478, current=205475.000, temperature=151.065668, regime=T>0
[324.0008] [optimize worker=2] iter=  290708, current=233210.000, temperature=151.064941, regime=T>0
[324.0011] [optimize worker=1] iter=  312813, current=205475.000, temperature=151.064421, regime=T>0
[325.0000] [optimize worker=2] iter=  296658, current=233210.000, temperature=148.550280, regime=T>0
[325.0000] [optimize worker=1] iter=  319449, current=205475.000, temperature=148.550194, regime=T>0
[325.0004] [optimize worker=0] iter=  318040, current=199875.000, temperature=148.549292, regime=T>0
[325.0005] [optimize worker=3] iter=  316725, current=205475.000, temperature=148.548982, regime=T>0
[326.0002] [optimize worker=0] iter=  324682, current=199875.000, temperature=146.075008, regime=T>0
[326.0002] [optimize worker=2] iter=  302829, current=233210.000, temperature=146.074881, regime=T>0
[326.0006] [optimize worker=3] iter=  323034, current=205475.000, temperature=146.073958, regime=T>0
[326.0018] [optimize worker=1] iter=  325926, current=205475.000, temperature=146.070946, regime=T>0
[327.0000] [optimize worker=1] iter=  332130, current=205475.000, temperature=143.641761, regime=T>0
[327.0001] [optimize worker=3] iter=  329457, current=205475.000, temperature=143.641450, regime=T>0
[327.0002] [optimize worker=0] iter=  330956, current=199875.000, temperature=143.641254, regime=T>0
[327.0004] [optimize worker=2] iter=  308796, current=233210.000, temperature=143.640889, regime=T>0
[328.0000] [optimize worker=1] iter=  338574, current=205475.000, temperature=141.248656, regime=T>0
[328.0000] [optimize worker=0] iter=  337405, current=199875.000, temperature=141.248605, regime=T>0
[328.0003] [optimize worker=3] iter=  335910, current=205475.000, temperature=141.247879, regime=T>0
[328.0012] [optimize worker=2] iter=  314839, current=233210.000, temperature=141.245726, regime=T>0
[329.0000] [optimize worker=0] iter=  343925, current=199875.000, temperature=138.895381, regime=T>0
[329.0002] [optimize worker=3] iter=  342366, current=205475.000, temperature=138.894951, regime=T>0
[329.0005] [optimize worker=2] iter=  321029, current=233210.000, temperature=138.894350, regime=T>0
[329.0016] [optimize worker=1] iter=  344983, current=205475.000, temperature=138.891630, regime=T>0
[329.0743] [optimize]  local best: worker=1, iter=  345369, score=199875.000
[330.0000] [optimize worker=1] iter=  351220, current=199875.000, temperature=136.581358, regime=T>0
[330.0001] [optimize worker=3] iter=  348773, current=205475.000, temperature=136.581226, regime=T>0
[330.0009] [optimize worker=0] iter=  350398, current=199875.000, temperature=136.579215, regime=T>0
[330.0013] [optimize worker=2] iter=  327049, current=233210.000, temperature=136.578470, regime=T>0
[330.2260] [optimize]  local best: worker=1, iter=  352621, score=198808.000
[330.2261] [optimize] shared best: worker=1, iter=  352621, score=198808.000
[331.0003] [optimize worker=1] iter=  357511, current=198808.000, temperature=134.305355, regime=T>0
[331.0003] [optimize worker=2] iter=  333223, current=233210.000, temperature=134.305214, regime=T>0
[331.0008] [optimize worker=3] iter=  355354, current=205475.000, temperature=134.304208, regime=T>0
[331.0013] [optimize worker=0] iter=  356818, current=199875.000, temperature=134.302915, regime=T>0
[332.0000] [optimize worker=3] iter=  361815, current=205475.000, temperature=132.068333, regime=T>0
[332.0002] [optimize worker=0] iter=  363150, current=199875.000, temperature=132.067856, regime=T>0
[332.0009] [optimize worker=1] iter=  363818, current=198808.000, temperature=132.066375, regime=T>0
[332.0011] [optimize worker=2] iter=  339025, current=233210.000, temperature=132.066016, regime=T>0
[333.0002] [optimize worker=0] iter=  369574, current=199875.000, temperature=129.867536, regime=T>0
[333.0004] [optimize worker=3] iter=  368052, current=205475.000, temperature=129.867159, regime=T>0
[333.0007] [optimize worker=1] iter=  370075, current=198808.000, temperature=129.866452, regime=T>0
[333.0010] [optimize worker=2] iter=  345105, current=233210.000, temperature=129.865888, regime=T>0
[334.0000] [optimize worker=1] iter=  376198, current=198808.000, temperature=127.704436, regime=T>0
[334.0001] [optimize worker=0] iter=  375846, current=199875.000, temperature=127.704178, regime=T>0
[334.0001] [optimize worker=3] iter=  374384, current=205475.000, temperature=127.704150, regime=T>0
[334.0006] [optimize worker=2] iter=  351097, current=233210.000, temperature=127.703098, regime=T>0
[335.0002] [optimize worker=0] iter=  382326, current=199875.000, temperature=125.576372, regime=T>0
[335.0003] [optimize worker=2] iter=  356859, current=233210.000, temperature=125.576290, regime=T>0
[335.0006] [optimize worker=3] iter=  380816, current=205475.000, temperature=125.575655, regime=T>0
[335.0017] [optimize worker=1] iter=  383124, current=198808.000, temperature=125.573362, regime=T>0
[336.0001] [optimize worker=1] iter=  389655, current=198808.000, temperature=123.484454, regime=T>0
[336.0003] [optimize worker=3] iter=  386987, current=205475.000, temperature=123.484148, regime=T>0
[336.0005] [optimize worker=2] iter=  362851, current=233210.000, temperature=123.483704, regime=T>0
[336.0012] [optimize worker=0] iter=  388881, current=199875.000, temperature=123.482141, regime=T>0
[337.0000] [optimize worker=2] iter=  369001, current=233210.000, temperature=121.427418, regime=T>0
[337.0001] [optimize worker=0] iter=  395357, current=199875.000, temperature=121.427292, regime=T>0
[337.0005] [optimize worker=1] iter=  396088, current=198808.000, temperature=121.426463, regime=T>0
[337.0014] [optimize worker=3] iter=  393565, current=205475.000, temperature=121.424692, regime=T>0
[338.0004] [optimize worker=3] iter=  399981, current=205475.000, temperature=119.403612, regime=T>0
[338.0007] [optimize worker=1] iter=  402479, current=198808.000, temperature=119.402971, regime=T>0
[338.0007] [optimize worker=2] iter=  375372, current=233210.000, temperature=119.402935, regime=T>0
[338.0011] [optimize worker=0] iter=  401562, current=199875.000, temperature=119.402262, regime=T>0
[339.0000] [optimize worker=1] iter=  408870, current=198808.000, temperature=117.415116, regime=T>0
[339.0002] [optimize worker=2] iter=  381382, current=233210.000, temperature=117.414808, regime=T>0
[339.0007] [optimize worker=0] iter=  408012, current=199875.000, temperature=117.413830, regime=T>0
[339.0013] [optimize worker=3] iter=  406604, current=205475.000, temperature=117.412668, regime=T>0
[340.0000] [optimize worker=0] iter=  414388, current=199875.000, temperature=115.458952, regime=T>0
[340.0000] [optimize worker=2] iter=  387683, current=233210.000, temperature=115.458911, regime=T>0
[340.0011] [optimize worker=3] iter=  413111, current=205475.000, temperature=115.456895, regime=T>0
[340.0011] [optimize worker=1] iter=  415570, current=198808.000, temperature=115.456825, regime=T>0
[341.0000] [optimize worker=1] iter=  422297, current=198808.000, temperature=113.535405, regime=T>0
[341.0000] [optimize worker=2] iter=  393711, current=233210.000, temperature=113.535381, regime=T>0
[341.0002] [optimize worker=0] iter=  420399, current=199875.000, temperature=113.535097, regime=T>0
[341.0011] [optimize worker=3] iter=  419579, current=205475.000, temperature=113.533338, regime=T>0
[342.0000] [optimize worker=3] iter=  425987, current=205475.000, temperature=111.643850, regime=T>0
[342.0001] [optimize worker=1] iter=  428710, current=198808.000, temperature=111.643650, regime=T>0
[342.0003] [optimize worker=0] iter=  426683, current=199875.000, temperature=111.643387, regime=T>0
[342.0005] [optimize worker=2] iter=  399591, current=233210.000, temperature=111.642967, regime=T>0
[343.0005] [optimize worker=1] iter=  435300, current=198808.000, temperature=109.783026, regime=T>0
[343.0005] [optimize worker=2] iter=  405529, current=233210.000, temperature=109.782984, regime=T>0
[343.0008] [optimize worker=0] iter=  432968, current=199875.000, temperature=109.782348, regime=T>0
[343.0009] [optimize worker=3] iter=  432175, current=205475.000, temperature=109.782174, regime=T>0
[344.0000] [optimize worker=2] iter=  411571, current=233210.000, temperature=107.954835, regime=T>0
[344.0005] [optimize worker=1] iter=  441528, current=198808.000, temperature=107.953938, regime=T>0
[344.0005] [optimize worker=3] iter=  438467, current=205475.000, temperature=107.953952, regime=T>0
[344.0012] [optimize worker=0] iter=  439628, current=199875.000, temperature=107.952593, regime=T>0
[345.0000] [optimize worker=2] iter=  417959, current=233210.000, temperature=106.156275, regime=T>0
[345.0001] [optimize worker=3] iter=  444740, current=205475.000, temperature=106.156181, regime=T>0
[345.0004] [optimize worker=1] iter=  447836, current=198808.000, temperature=106.155575, regime=T>0
[345.0007] [optimize worker=0] iter=  445949, current=199875.000, temperature=106.155073, regime=T>0
[346.0000] [optimize worker=0] iter=  452123, current=199875.000, temperature=104.387684, regime=T>0
[346.0002] [optimize worker=2] iter=  423963, current=233210.000, temperature=104.387336, regime=T>0
[346.0006] [optimize worker=3] iter=  451331, current=205475.000, temperature=104.386639, regime=T>0
[346.0009] [optimize worker=1] iter=  454382, current=198808.000, temperature=104.386051, regime=T>0
[347.0001] [optimize worker=2] iter=  430091, current=233210.000, temperature=102.648404, regime=T>0
[347.0001] [optimize worker=1] iter=  460799, current=198808.000, temperature=102.648367, regime=T>0
[347.0004] [optimize worker=0] iter=  458439, current=199875.000, temperature=102.647894, regime=T>0
[347.0004] [optimize worker=3] iter=  457610, current=205475.000, temperature=102.647900, regime=T>0
[348.0001] [optimize worker=1] iter=  467014, current=198808.000, temperature=100.938296, regime=T>0
[348.0002] [optimize worker=0] iter=  464517, current=199875.000, temperature=100.938167, regime=T>0
[348.0007] [optimize worker=2] iter=  436007, current=233210.000, temperature=100.937207, regime=T>0
[348.0009] [optimize worker=3] iter=  464493, current=205475.000, temperature=100.936990, regime=T>0
[349.0001] [optimize worker=2] iter=  441823, current=233210.000, temperature=99.256703, regime=T>0
[349.0003] [optimize worker=0] iter=  471084, current=199875.000, temperature=99.256201, regime=T>0
[349.0004] [optimize worker=1] iter=  473695, current=198808.000, temperature=99.256139, regime=T>0
[349.0009] [optimize worker=3] iter=  471159, current=205475.000, temperature=99.255231, regime=T>0
[350.0001] [optimize worker=0] iter=  477427, current=199875.000, temperature=97.603060, regime=T>0
[350.0002] [optimize worker=2] iter=  448004, current=233210.000, temperature=97.602861, regime=T>0
[350.0002] [optimize worker=1] iter=  480186, current=198808.000, temperature=97.602747, regime=T>0
[350.0009] [optimize worker=3] iter=  477766, current=205475.000, temperature=97.601635, regime=T>0
[351.0000] [optimize worker=3] iter=  484228, current=205475.000, temperature=95.977053, regime=T>0
[351.0003] [optimize worker=2] iter=  453871, current=233210.000, temperature=95.976643, regime=T>0
[351.0005] [optimize worker=0] iter=  484072, current=199875.000, temperature=95.976242, regime=T>0
[351.0006] [optimize worker=1] iter=  486665, current=198808.000, temperature=95.976144, regime=T>0
[352.0001] [optimize worker=1] iter=  493114, current=198808.000, temperature=94.377986, regime=T>0
[352.0001] [optimize worker=3] iter=  490617, current=205475.000, temperature=94.377937, regime=T>0
[352.0004] [optimize worker=2] iter=  459783, current=233210.000, temperature=94.377390, regime=T>0
[352.0007] [optimize worker=0] iter=  490701, current=199875.000, temperature=94.376962, regime=T>0
[353.0006] [optimize worker=3] iter=  496777, current=205475.000, temperature=92.804754, regime=T>0
[353.0007] [optimize worker=0] iter=  497104, current=199875.000, temperature=92.804577, regime=T>0
[353.0007] [optimize worker=1] iter=  499464, current=198808.000, temperature=92.804550, regime=T>0
[353.0008] [optimize worker=2] iter=  465729, current=233210.000, temperature=92.804477, regime=T>0
[354.0000] [optimize worker=2] iter=  472058, current=233210.000, temperature=91.259492, regime=T>0
[354.0001] [optimize worker=0] iter=  503360, current=199875.000, temperature=91.259362, regime=T>0
[354.0003] [optimize worker=3] iter=  503333, current=205475.000, temperature=91.259094, regime=T>0
[354.0003] [optimize worker=1] iter=  505897, current=198808.000, temperature=91.259021, regime=T>0
[355.0000] [optimize worker=0] iter=  509933, current=199875.000, temperature=89.739090, regime=T>0
[355.0001] [optimize worker=1] iter=  512649, current=198808.000, temperature=89.739029, regime=T>0
[355.0002] [optimize worker=3] iter=  509885, current=205475.000, temperature=89.738821, regime=T>0
[355.0003] [optimize worker=2] iter=  478142, current=233210.000, temperature=89.738753, regime=T>0
[355.8596] [optimize]  local best: worker=3, iter=  515537, score=199875.000
[356.0000] [optimize worker=3] iter=  516450, current=199875.000, temperature=88.244074, regime=T>0
[356.0003] [optimize worker=0] iter=  516196, current=199875.000, temperature=88.243558, regime=T>0
[356.0007] [optimize worker=1] iter=  519085, current=198808.000, temperature=88.243084, regime=T>0
[356.0007] [optimize worker=2] iter=  484391, current=233210.000, temperature=88.243036, regime=T>0
[357.0001] [optimize worker=1] iter=  525694, current=198808.000, temperature=86.773760, regime=T>0
[357.0002] [optimize worker=2] iter=  490335, current=233210.000, temperature=86.773631, regime=T>0
[357.0006] [optimize worker=3] iter=  522637, current=199875.000, temperature=86.773048, regime=T>0
[357.0015] [optimize worker=0] iter=  522659, current=199875.000, temperature=86.771726, regime=T>0
[358.0000] [optimize worker=2] iter=  496381, current=233210.000, temperature=85.328220, regime=T>0
[358.0000] [optimize worker=3] iter=  529400, current=199875.000, temperature=85.328194, regime=T>0
[358.0001] [optimize worker=0] iter=  529213, current=199875.000, temperature=85.328146, regime=T>0
[358.0006] [optimize worker=1] iter=  532240, current=198808.000, temperature=85.327404, regime=T>0
[359.0000] [optimize worker=0] iter=  535464, current=199875.000, temperature=83.906637, regime=T>0
[359.0002] [optimize worker=3] iter=  535715, current=199875.000, temperature=83.906421, regime=T>0
[359.0002] [optimize worker=2] iter=  502688, current=233210.000, temperature=83.906361, regime=T>0
[359.0008] [optimize worker=1] iter=  538830, current=198808.000, temperature=83.905553, regime=T>0
[360.0000] [optimize worker=0] iter=  542006, current=199875.000, temperature=82.508691, regime=T>0
[360.0001] [optimize worker=3] iter=  542006, current=199875.000, temperature=82.508635, regime=T>0
[360.0002] [optimize worker=2] iter=  508537, current=233210.000, temperature=82.508461, regime=T>0
[360.0009] [optimize worker=1] iter=  545228, current=198808.000, temperature=82.507507, regime=T>0
[361.0001] [optimize worker=3] iter=  548356, current=199875.000, temperature=81.134045, regime=T>0
[361.0001] [optimize worker=1] iter=  551795, current=198808.000, temperature=81.134022, regime=T>0
[361.0002] [optimize worker=2] iter=  514414, current=233210.000, temperature=81.133813, regime=T>0
[361.0007] [optimize worker=0] iter=  548421, current=199875.000, temperature=81.133194, regime=T>0
[362.0002] [optimize worker=3] iter=  554921, current=199875.000, temperature=79.782146, regime=T>0
[362.0003] [optimize worker=0] iter=  554692, current=199875.000, temperature=79.782060, regime=T>0
[362.0004] [optimize worker=1] iter=  557899, current=198808.000, temperature=79.781840, regime=T>0
[362.0014] [optimize worker=2] iter=  520102, current=233210.000, temperature=79.780568, regime=T>0
[363.0001] [optimize worker=0] iter=  561246, current=199875.000, temperature=78.453110, regime=T>0
[363.0002] [optimize worker=1] iter=  564429, current=198808.000, temperature=78.452936, regime=T>0
[363.0004] [optimize worker=3] iter=  561303, current=199875.000, temperature=78.452741, regime=T>0
[363.0011] [optimize worker=2] iter=  526085, current=233210.000, temperature=78.451757, regime=T>0
[364.0001] [optimize worker=1] iter=  571034, current=198808.000, temperature=77.146035, regime=T>0
[364.0002] [optimize worker=0] iter=  567551, current=199875.000, temperature=77.145872, regime=T>0
[364.0005] [optimize worker=3] iter=  568043, current=199875.000, temperature=77.145519, regime=T>0
[364.0009] [optimize worker=2] iter=  532401, current=233210.000, temperature=77.144978, regime=T>0
[365.0000] [optimize worker=2] iter=  538049, current=233210.000, temperature=75.860906, regime=T>0
[365.0002] [optimize worker=0] iter=  574368, current=199875.000, temperature=75.860699, regime=T>0
[365.0008] [optimize worker=1] iter=  577462, current=198808.000, temperature=75.859889, regime=T>0
[365.0013] [optimize worker=3] iter=  574421, current=199875.000, temperature=75.859296, regime=T>0
[366.0000] [optimize worker=2] iter=  544144, current=233210.000, temperature=74.596992, regime=T>0
[366.0005] [optimize worker=1] iter=  583836, current=198808.000, temperature=74.596412, regime=T>0
[366.0011] [optimize worker=3] iter=  580859, current=199875.000, temperature=74.595656, regime=T>0
[366.0014] [optimize worker=0] iter=  580974, current=199875.000, temperature=74.595246, regime=T>0
[367.0000] [optimize worker=3] iter=  587651, current=199875.000, temperature=73.354220, regime=T>0
[367.0000] [optimize worker=1] iter=  590394, current=198808.000, temperature=73.354209, regime=T>0
[367.0000] [optimize worker=0] iter=  587282, current=199875.000, temperature=73.354187, regime=T>0
[367.0004] [optimize worker=2] iter=  550416, current=233210.000, temperature=73.353728, regime=T>0
[368.0001] [optimize worker=1] iter=  596673, current=198808.000, temperature=72.132034, regime=T>0
[368.0002] [optimize worker=2] iter=  556430, current=233210.000, temperature=72.131915, regime=T>0
[368.0004] [optimize worker=0] iter=  593750, current=199875.000, temperature=72.131646, regime=T>0
[368.0007] [optimize worker=3] iter=  594273, current=199875.000, temperature=72.131330, regime=T>0
[369.0002] [optimize worker=3] iter=  601059, current=199875.000, temperature=70.930224, regime=T>0
[369.0006] [optimize worker=2] iter=  562724, current=233210.000, temperature=70.929680, regime=T>0
[369.0007] [optimize worker=0] iter=  600206, current=199875.000, temperature=70.929607, regime=T>0
[369.0007] [optimize worker=1] iter=  603030, current=198808.000, temperature=70.929592, regime=T>0
[370.0001] [optimize worker=2] iter=  568806, current=233210.000, temperature=69.748638, regime=T>0
[370.0001] [optimize worker=0] iter=  606420, current=199875.000, temperature=69.748545, regime=T>0
[370.0002] [optimize worker=3] iter=  607433, current=199875.000, temperature=69.748495, regime=T>0
[370.0001] [optimize worker=1] iter=  609456, current=198808.000, temperature=69.748610, regime=T>0
[371.0000] [optimize worker=3] iter=  614063, current=199875.000, temperature=68.586671, regime=T>0
[371.0000] [optimize worker=0] iter=  612749, current=199875.000, temperature=68.586644, regime=T>0
[371.0002] [optimize worker=2] iter=  575181, current=233210.000, temperature=68.586490, regime=T>0
[371.0004] [optimize worker=1] iter=  615747, current=198808.000, temperature=68.586215, regime=T>0
[372.0001] [optimize worker=0] iter=  619148, current=199875.000, temperature=67.443884, regime=T>0
[372.0003] [optimize worker=3] iter=  620702, current=199875.000, temperature=67.443687, regime=T>0
[372.0003] [optimize worker=2] iter=  581220, current=233210.000, temperature=67.443611, regime=T>0
[372.0005] [optimize worker=1] iter=  622150, current=198808.000, temperature=67.443483, regime=T>0
[373.0001] [optimize worker=2] iter=  587209, current=233210.000, temperature=66.320218, regime=T>0
[373.0002] [optimize worker=3] iter=  626952, current=199875.000, temperature=66.320174, regime=T>0
[373.0004] [optimize worker=0] iter=  625716, current=199875.000, temperature=66.319970, regime=T>0
[373.0004] [optimize worker=1] iter=  628561, current=198808.000, temperature=66.319969, regime=T>0
[374.0000] [optimize worker=0] iter=  632086, current=199875.000, temperature=65.215447, regime=T>0
[374.0001] [optimize worker=2] iter=  593303, current=233210.000, temperature=65.215353, regime=T>0
[374.0000] [optimize worker=3] iter=  633441, current=199875.000, temperature=65.215438, regime=T>0
[374.0004] [optimize worker=1] iter=  635117, current=198808.000, temperature=65.214993, regime=T>0
[375.0001] [optimize worker=3] iter=  639808, current=199875.000, temperature=64.128892, regime=T>0
[375.0001] [optimize worker=0] iter=  638531, current=199875.000, temperature=64.128853, regime=T>0
[375.0001] [optimize worker=1] iter=  641337, current=198808.000, temperature=64.128835, regime=T>0
[375.0010] [optimize worker=2] iter=  599372, current=233210.000, temperature=64.127854, regime=T>0
[376.0000] [optimize worker=2] iter=  605445, current=233210.000, temperature=63.060551, regime=T>0
[376.0001] [optimize worker=1] iter=  647733, current=198808.000, temperature=63.060497, regime=T>0
[376.0001] [optimize worker=3] iter=  646478, current=199875.000, temperature=63.060420, regime=T>0
[376.0008] [optimize worker=0] iter=  645065, current=199875.000, temperature=63.059743, regime=T>0
[377.0000] [optimize worker=0] iter=  651884, current=199875.000, temperature=62.009920, regime=T>0
[377.0007] [optimize worker=2] iter=  611318, current=233210.000, temperature=62.009251, regime=T>0
[377.0007] [optimize worker=3] iter=  652815, current=199875.000, temperature=62.009213, regime=T>0
[377.0007] [optimize worker=1] iter=  654045, current=198808.000, temperature=62.009192, regime=T>0
[378.0000] [optimize worker=0] iter=  658500, current=199875.000, temperature=60.976806, regime=T>0
[378.0001] [optimize worker=1] iter=  660383, current=198808.000, temperature=60.976758, regime=T>0
[378.0007] [optimize worker=2] iter=  617278, current=233210.000, temperature=60.976119, regime=T>0
[378.0011] [optimize worker=3] iter=  659246, current=199875.000, temperature=60.975711, regime=T>0
[379.0000] [optimize worker=0] iter=  665100, current=199875.000, temperature=59.960962, regime=T>0
[379.0000] [optimize worker=1] iter=  666812, current=198808.000, temperature=59.960952, regime=T>0
[379.0000] [optimize worker=3] iter=  665556, current=199875.000, temperature=59.960940, regime=T>0
[379.0014] [optimize worker=2] iter=  623230, current=233210.000, temperature=59.959529, regime=T>0
[380.0001] [optimize worker=0] iter=  671440, current=199875.000, temperature=58.961907, regime=T>0
[380.0002] [optimize worker=2] iter=  629245, current=233210.000, temperature=58.961822, regime=T>0
[380.0003] [optimize worker=3] iter=  671967, current=199875.000, temperature=58.961705, regime=T>0
[380.0004] [optimize worker=1] iter=  673102, current=198808.000, temperature=58.961579, regime=T>0
[381.0002] [optimize worker=2] iter=  635618, current=233210.000, temperature=57.979475, regime=T>0
[381.0007] [optimize worker=0] iter=  677671, current=199875.000, temperature=57.979047, regime=T>0
[381.0008] [optimize worker=1] iter=  679340, current=198808.000, temperature=57.978937, regime=T>0
[381.0009] [optimize worker=3] iter=  678365, current=199875.000, temperature=57.978768, regime=T>0
[382.0000] [optimize worker=0] iter=  684075, current=199875.000, temperature=57.013718, regime=T>0
[382.0000] [optimize worker=2] iter=  641891, current=233210.000, temperature=57.013697, regime=T>0
[382.0003] [optimize worker=3] iter=  685160, current=199875.000, temperature=57.013429, regime=T>0
[382.0007] [optimize worker=1] iter=  685967, current=198808.000, temperature=57.013028, regime=T>0
[383.0000] [optimize worker=1] iter=  692455, current=198808.000, temperature=56.063865, regime=T>0
[383.0000] [optimize worker=0] iter=  690386, current=199875.000, temperature=56.063856, regime=T>0
[383.0000] [optimize worker=2] iter=  648314, current=233210.000, temperature=56.063848, regime=T>0
[383.0008] [optimize worker=3] iter=  691782, current=199875.000, temperature=56.063168, regime=T>0
[384.0000] [optimize worker=1] iter=  699152, current=198808.000, temperature=55.129827, regime=T>0
[384.0001] [optimize worker=3] iter=  698300, current=199875.000, temperature=55.129749, regime=T>0
[384.0002] [optimize worker=0] iter=  696948, current=199875.000, temperature=55.129684, regime=T>0
[384.0006] [optimize worker=2] iter=  654743, current=233210.000, temperature=55.129257, regime=T>0
[385.0001] [optimize worker=2] iter=  660841, current=233210.000, temperature=54.211283, regime=T>0
[385.0003] [optimize worker=0] iter=  703310, current=199875.000, temperature=54.211085, regime=T>0
[385.0003] [optimize worker=3] iter=  704967, current=199875.000, temperature=54.211052, regime=T>0
[385.0010] [optimize worker=1] iter=  705537, current=198808.000, temperature=54.210445, regime=T>0
[386.0000] [optimize worker=1] iter=  711916, current=198808.000, temperature=53.308185, regime=T>0
[386.0006] [optimize worker=2] iter=  666841, current=233210.000, temperature=53.307628, regime=T>0
[386.0007] [optimize worker=0] iter=  709649, current=199875.000, temperature=53.307535, regime=T>0
[386.0010] [optimize worker=3] iter=  711604, current=199875.000, temperature=53.307254, regime=T>0
[387.0000] [optimize worker=2] iter=  673069, current=233210.000, temperature=52.420044, regime=T>0
[387.0005] [optimize worker=3] iter=  717975, current=199875.000, temperature=52.419596, regime=T>0
[387.0007] [optimize worker=0] iter=  716316, current=199875.000, temperature=52.419484, regime=T>0
[387.0012] [optimize worker=1] iter=  718635, current=198808.000, temperature=52.418967, regime=T>0
[388.0000] [optimize worker=1] iter=  724953, current=198808.000, temperature=51.546722, regime=T>0
[388.0001] [optimize worker=2] iter=  679275, current=233210.000, temperature=51.546625, regime=T>0
[388.0001] [optimize worker=3] iter=  724597, current=199875.000, temperature=51.546616, regime=T>0
[388.0000] [optimize worker=0] iter=  722828, current=199875.000, temperature=51.546699, regime=T>0
[389.0001] [optimize worker=2] iter=  685081, current=233210.000, temperature=50.687871, regime=T>0
[389.0004] [optimize worker=3] iter=  731046, current=199875.000, temperature=50.687621, regime=T>0
[389.0004] [optimize worker=1] iter=  731566, current=198808.000, temperature=50.687591, regime=T>0
[389.0012] [optimize worker=0] iter=  729148, current=199875.000, temperature=50.686967, regime=T>0
[390.0000] [optimize worker=3] iter=  737533, current=199875.000, temperature=49.843483, regime=T>0
[390.0000] [optimize worker=2] iter=  691168, current=233210.000, temperature=49.843448, regime=T>0
[390.0005] [optimize worker=1] iter=  738107, current=198808.000, temperature=49.843035, regime=T>0
[390.0007] [optimize worker=0] iter=  735571, current=199875.000, temperature=49.842864, regime=T>0
[391.0000] [optimize worker=3] iter=  744065, current=199875.000, temperature=49.013050, regime=T>0
[391.0001] [optimize worker=1] iter=  744691, current=198808.000, temperature=49.013019, regime=T>0
[391.0002] [optimize worker=2] iter=  697082, current=233210.000, temperature=49.012910, regime=T>0
[391.0008] [optimize worker=0] iter=  742096, current=199875.000, temperature=49.012391, regime=T>0
[392.0000] [optimize worker=0] iter=  748583, current=199875.000, temperature=48.196506, regime=T>0
[392.0000] [optimize worker=2] iter=  703199, current=233210.000, temperature=48.196501, regime=T>0
[392.0001] [optimize worker=3] iter=  750142, current=199875.000, temperature=48.196466, regime=T>0
[392.0005] [optimize worker=1] iter=  751279, current=198808.000, temperature=48.196085, regime=T>0
[393.0000] [optimize worker=1] iter=  757905, current=198808.000, temperature=47.393541, regime=T>0
[393.0000] [optimize worker=3] iter=  756426, current=199875.000, temperature=47.393534, regime=T>0
[393.0001] [optimize worker=0] iter=  755217, current=199875.000, temperature=47.393504, regime=T>0
[393.0002] [optimize worker=2] iter=  709320, current=233210.000, temperature=47.393413, regime=T>0
[394.0000] [optimize worker=1] iter=  764513, current=198808.000, temperature=46.603940, regime=T>0
[394.0001] [optimize worker=3] iter=  762751, current=199875.000, temperature=46.603905, regime=T>0
[394.0005] [optimize worker=2] iter=  715220, current=233210.000, temperature=46.603572, regime=T>0
[394.0008] [optimize worker=0] iter=  761858, current=199875.000, temperature=46.603334, regime=T>0
[395.0001] [optimize worker=3] iter=  769540, current=199875.000, temperature=45.827467, regime=T>0
[395.0002] [optimize worker=0] iter=  768083, current=199875.000, temperature=45.827337, regime=T>0
[395.0006] [optimize worker=2] iter=  721206, current=233210.000, temperature=45.827057, regime=T>0
[395.0011] [optimize worker=1] iter=  770957, current=198808.000, temperature=45.826691, regime=T>0
[396.0000] [optimize worker=3] iter=  775903, current=199875.000, temperature=45.064031, regime=T>0
[396.0001] [optimize worker=1] iter=  777403, current=198808.000, temperature=45.063949, regime=T>0
[396.0002] [optimize worker=2] iter=  727265, current=233210.000, temperature=45.063859, regime=T>0
[396.0008] [optimize worker=0] iter=  774455, current=199875.000, temperature=45.063389, regime=T>0
[397.0000] [optimize worker=3] iter=  782375, current=199875.000, temperature=44.313244, regime=T>0
[397.0001] [optimize worker=1] iter=  783507, current=198808.000, temperature=44.313210, regime=T>0
[397.0001] [optimize worker=0] iter=  780746, current=199875.000, temperature=44.313171, regime=T>0
[397.0004] [optimize worker=2] iter=  733494, current=233210.000, temperature=44.312986, regime=T>0
[398.0000] [optimize worker=0] iter=  787456, current=199875.000, temperature=43.574985, regime=T>0
[398.0001] [optimize worker=3] iter=  788830, current=199875.000, temperature=43.574887, regime=T>0
[398.0005] [optimize worker=2] iter=  739692, current=233210.000, temperature=43.574643, regime=T>0
[398.0007] [optimize worker=1] iter=  789836, current=198808.000, temperature=43.574446, regime=T>0
[399.0007] [optimize worker=2] iter=  745870, current=233210.000, temperature=42.848521, regime=T>0
[399.0010] [optimize worker=1] iter=  796456, current=198808.000, temperature=42.848331, regime=T>0
[399.0012] [optimize worker=0] iter=  794149, current=199875.000, temperature=42.848128, regime=T>0
[399.0018] [optimize worker=3] iter=  795137, current=199875.000, temperature=42.847696, regime=T>0
[400.0000] [optimize worker=2] iter=  752033, current=233210.000, temperature=42.135127, regime=T>0
[400.0006] [optimize worker=3] iter=  801589, current=199875.000, temperature=42.134711, regime=T>0
[400.0006] [optimize worker=0] iter=  800613, current=199875.000, temperature=42.134699, regime=T>0
[400.0016] [optimize worker=1] iter=  802780, current=198808.000, temperature=42.134020, regime=T>0
[401.0001] [optimize worker=2] iter=  758014, current=233210.000, temperature=41.433127, regime=T>0
[401.0002] [optimize worker=3] iter=  808127, current=199875.000, temperature=41.432994, regime=T>0
[401.0009] [optimize worker=1] iter=  809215, current=198808.000, temperature=41.432515, regime=T>0
[401.0014] [optimize worker=0] iter=  807077, current=199875.000, temperature=41.432206, regime=T>0
[402.0001] [optimize worker=1] iter=  816009, current=198808.000, temperature=40.742823, regime=T>0
[402.0003] [optimize worker=0] iter=  813452, current=199875.000, temperature=40.742664, regime=T>0
[402.0005] [optimize worker=2] iter=  764090, current=233210.000, temperature=40.742507, regime=T>0
[402.0010] [optimize worker=3] iter=  814375, current=199875.000, temperature=40.742229, regime=T>0
[403.0000] [optimize worker=2] iter=  770150, current=233210.000, temperature=40.064086, regime=T>0
[403.0001] [optimize worker=3] iter=  820800, current=199875.000, temperature=40.064038, regime=T>0
[403.0005] [optimize worker=1] iter=  822238, current=198808.000, temperature=40.063782, regime=T>0
[403.0007] [optimize worker=0] iter=  819717, current=199875.000, temperature=40.063631, regime=T>0
[404.0000] [optimize worker=1] iter=  828574, current=198808.000, temperature=39.396596, regime=T>0
[404.0006] [optimize worker=3] iter=  827044, current=199875.000, temperature=39.396248, regime=T>0
[404.0006] [optimize worker=0] iter=  825980, current=199875.000, temperature=39.396209, regime=T>0
[404.0009] [optimize worker=2] iter=  776415, current=233210.000, temperature=39.396051, regime=T>0
[405.0000] [optimize worker=0] iter=  832357, current=199875.000, temperature=38.740248, regime=T>0
[405.0001] [optimize worker=2] iter=  782514, current=233210.000, temperature=38.740172, regime=T>0
[405.0004] [optimize worker=3] iter=  833636, current=199875.000, temperature=38.740002, regime=T>0
[405.0005] [optimize worker=1] iter=  834820, current=198808.000, temperature=38.739935, regime=T>0
[406.0002] [optimize worker=1] iter=  841340, current=198808.000, temperature=38.094740, regime=T>0
[406.0002] [optimize worker=3] iter=  839985, current=199875.000, temperature=38.094732, regime=T>0
[406.0006] [optimize worker=2] iter=  788384, current=233210.000, temperature=38.094488, regime=T>0
[406.0009] [optimize worker=0] iter=  838789, current=199875.000, temperature=38.094264, regime=T>0
[407.0002] [optimize worker=2] iter=  794454, current=233210.000, temperature=37.460073, regime=T>0
[407.0003] [optimize worker=1] iter=  847895, current=198808.000, temperature=37.459993, regime=T>0
[407.0004] [optimize worker=3] iter=  846339, current=199875.000, temperature=37.459955, regime=T>0
[407.0004] [optimize worker=0] iter=  845362, current=199875.000, temperature=37.459953, regime=T>0
[408.0000] [optimize worker=3] iter=  852820, current=199875.000, temperature=36.836070, regime=T>0
[408.0001] [optimize worker=1] iter=  854436, current=198808.000, temperature=36.836041, regime=T>0
[408.0008] [optimize worker=2] iter=  800332, current=233210.000, temperature=36.835610, regime=T>0
[408.0008] [optimize worker=0] iter=  851516, current=199875.000, temperature=36.835555, regime=T>0
[409.0000] [optimize worker=2] iter=  806405, current=233210.000, temperature=36.222379, regime=T>0
[409.0000] [optimize worker=0] iter=  857808, current=199875.000, temperature=36.222377, regime=T>0
[409.0000] [optimize worker=3] iter=  859356, current=199875.000, temperature=36.222376, regime=T>0
[409.0002] [optimize worker=1] iter=  860757, current=198808.000, temperature=36.222265, regime=T>0
[410.0000] [optimize worker=3] iter=  865977, current=199875.000, temperature=35.618910, regime=T>0
[410.0002] [optimize worker=1] iter=  867247, current=198808.000, temperature=35.618811, regime=T>0
[410.0002] [optimize worker=0] iter=  864050, current=199875.000, temperature=35.618800, regime=T>0
[410.0006] [optimize worker=2] iter=  812325, current=233210.000, temperature=35.618554, regime=T>0
[411.0003] [optimize worker=2] iter=  818140, current=233210.000, temperature=35.025294, regime=T>0
[411.0007] [optimize worker=0] iter=  870230, current=199875.000, temperature=35.025071, regime=T>0
[411.0010] [optimize worker=3] iter=  872537, current=199875.000, temperature=35.024891, regime=T>0
[411.0011] [optimize worker=1] iter=  873629, current=198808.000, temperature=35.024831, regime=T>0
[411.7509] [optimize worker=0] iter=  874691, accepted=   84070, improved=       7, best_imports=    1, current=199875.000, local_best=199875.000, temp(z1>0)=345.867176->34.586718, temp(z1=0)=1000.000000->100.000000
neighbor stats:
  Large           : selected= 109487, succeeded=   7230 (  6.604%), improved=      5 (  0.069%, avg=   6186.80), accepted=   7073 ( 97.828%), time= 92.739s, avg=  0.847ms
  Shift           : selected= 547757, succeeded= 547757 (100.000%), improved=      1 (  0.000%, avg=   6667.00), accepted=  41835 (  7.638%), time= 15.305s, avg=  0.028ms
  Move            : selected= 108938, succeeded=  16978 ( 15.585%), improved=      0 (  0.000%, avg=      0.00), accepted=  16978 (100.000%), time= 14.899s, avg=  0.137ms
  Rotate          : selected= 108509, succeeded= 108509 (100.000%), improved=      0 (  0.000%, avg=      0.00), accepted=  18184 ( 16.758%), time= 13.992s, avg=  0.129ms
[411.7511] [optimize worker=1] iter=  878424, accepted=   85031, improved=       9, best_imports=    1, current=198808.000, local_best=198808.000, temp(z1>0)=345.867176->34.586718, temp(z1=0)=1000.000000->100.000000
neighbor stats:
  Large           : selected= 109600, succeeded=   6780 (  6.186%), improved=      8 (  0.118%, avg=   6900.38), accepted=   6614 ( 97.552%), time= 92.304s, avg=  0.842ms
  Shift           : selected= 549342, succeeded= 549342 (100.000%), improved=      0 (  0.000%, avg=      0.00), accepted=  44445 (  8.091%), time= 15.416s, avg=  0.028ms
  Move            : selected= 109691, succeeded=  16312 ( 14.871%), improved=      0 (  0.000%, avg=      0.00), accepted=  16312 (100.000%), time= 15.090s, avg=  0.138ms
  Rotate          : selected= 109791, succeeded= 109791 (100.000%), improved=      0 (  0.000%, avg=      0.00), accepted=  17660 ( 16.085%), time= 14.125s, avg=  0.129ms
[411.7512] [optimize worker=2] iter=  822895, accepted=   78131, improved=      10, best_imports=    0, current=233210.000, local_best=233210.000, temp(z1>0)=345.867176->34.586718, temp(z1=0)=1000.000000->100.000000
neighbor stats:
  Large           : selected= 102661, succeeded=   7312 (  7.122%), improved=      8 (  0.109%, avg=   4900.12), accepted=   7214 ( 98.660%), time= 94.240s, avg=  0.918ms
  Shift           : selected= 513839, succeeded= 513839 (100.000%), improved=      0 (  0.000%, avg=      0.00), accepted=  34927 (  6.797%), time= 14.451s, avg=  0.028ms
  Move            : selected= 103169, succeeded=  15952 ( 15.462%), improved=      1 (  0.006%, avg=    800.00), accepted=  15952 (100.000%), time= 14.696s, avg=  0.142ms
  Rotate          : selected= 103226, succeeded= 103226 (100.000%), improved=      1 (  0.001%, avg=  13334.00), accepted=  20038 ( 19.412%), time= 13.554s, avg=  0.131ms
[411.7514] [optimize worker=3] iter=  877331, accepted=   90765, improved=       6, best_imports=    0, current=199875.000, local_best=199875.000, temp(z1>0)=345.867176->34.586718, temp(z1=0)=1000.000000->100.000000
neighbor stats:
  Large           : selected= 109475, succeeded=   7625 (  6.965%), improved=      4 (  0.052%, avg=   4733.50), accepted=   7469 ( 97.954%), time= 92.442s, avg=  0.844ms
  Shift           : selected= 548707, succeeded= 548707 (100.000%), improved=      0 (  0.000%, avg=      0.00), accepted=  47604 (  8.676%), time= 15.372s, avg=  0.028ms
  Move            : selected= 109647, succeeded=  17216 ( 15.701%), improved=      2 (  0.012%, avg=   3867.00), accepted=  17216 (100.000%), time= 14.988s, avg=  0.137ms
  Rotate          : selected= 109502, succeeded= 109502 (100.000%), improved=      0 (  0.000%, avg=      0.00), accepted=  18476 ( 16.873%), time= 14.131s, avg=  0.129ms
[411.7515] [optimize] result: best=198808.000
[reconstruct-weight] horizon=7 attempts=431223 changed=21536 unchanged=7411 failed=402276 changed_rate=4.99%
  marginal volume: 0:[153509,5994,3.90%] 1:[193604,10117,5.23%] 2:[76536,4842,6.33%] 3:[6980,546,7.82%] 4:[544,32,5.88%] 5:[49,5,10.20%] 6:[1,0,0.00%] 7:[0,0,0.00%]
  marginal pref_spread: 0:[153749,8110,5.27%] 1:[193495,9772,5.05%] 2:[76410,3402,4.45%] 3:[6957,237,3.41%] 4:[551,15,2.72%] 5:[55,0,0.00%] 6:[6,0,0.00%] 7:[0,0,0.00%]
  marginal limit_time_urgency: 0:[154291,6330,4.10%] 1:[193338,10116,5.23%] 2:[76058,4557,5.99%] 3:[6958,483,6.94%] 4:[539,45,8.35%] 5:[38,5,13.16%] 6:[1,0,0.00%] 7:[0,0,0.00%]
  marginal slack_tightness: 0:[154374,9032,5.85%] 1:[193398,9536,4.93%] 2:[75984,2801,3.69%] 3:[6899,153,2.22%] 4:[539,12,2.23%] 5:[26,2,7.69%] 6:[3,0,0.00%] 7:[0,0,0.00%]
  marginal current_penalty: 0:[154235,7881,5.11%] 1:[193466,9710,5.02%] 2:[75878,3607,4.75%] 3:[7066,313,4.43%] 4:[542,25,4.61%] 5:[33,0,0.00%] 6:[3,0,0.00%] 7:[0,0,0.00%]
  marginal random: 0:[153698,8374,5.45%] 1:[193933,9684,4.99%] 2:[76108,3238,4.25%] 3:[6889,229,3.32%] 4:[541,11,2.03%] 5:[49,0,0.00%] 6:[5,0,0.00%] 7:[0,0,0.00%]
  top2: volume+pref_spread:[29075,1612,5.54%] volume+limit_time_urgency:[28528,2389,8.37%] pref_spread+limit_time_urgency:[28745,1577,5.49%] volume+slack_tightness:[28654,1439,5.02%] pref_spread+slack_tightness:[28899,956,3.31%] limit_time_urgency+slack_tightness:[28554,1331,4.66%] volume+current_penalty:[28727,1825,6.35%] pref_spread+current_penalty:[28770,1283,4.46%] limit_time_urgency+current_penalty:[28904,1652,5.72%] slack_tightness+current_penalty:[28400,1049,3.69%] volume+random:[29167,1641,5.63%] pref_spread+random:[28766,1159,4.03%] limit_time_urgency+random:[28754,1561,5.43%] slack_tightness+random:[28561,944,3.31%] current_penalty+random:[28719,1118,3.89%]
  top3: volume+pref_spread+limit_time_urgency:[21609,1579,7.31%] volume+pref_spread+slack_tightness:[21886,979,4.47%] volume+limit_time_urgency+slack_tightness:[21377,1367,6.39%] pref_spread+limit_time_urgency+slack_tightness:[21623,923,4.27%] volume+pref_spread+current_penalty:[21561,1204,5.58%] volume+limit_time_urgency+current_penalty:[21588,1607,7.44%] pref_spread+limit_time_urgency+current_penalty:[21598,1125,5.21%] volume+slack_tightness+current_penalty:[21271,1030,4.84%] pref_spread+slack_tightness+current_penalty:[21325,733,3.44%] limit_time_urgency+slack_tightness+current_penalty:[21335,972,4.56%] volume+pref_spread+random:[21811,1094,5.02%] volume+limit_time_urgency+random:[21668,1531,7.07%] pref_spread+limit_time_urgency+random:[21550,1071,4.97%] volume+slack_tightness+random:[21659,977,4.51%] pref_spread+slack_tightness+random:[21573,685,3.18%] limit_time_urgency+slack_tightness+random:[21385,867,4.05%] volume+current_penalty+random:[21694,1128,5.20%] pref_spread+current_penalty+random:[21723,844,3.89%] limit_time_urgency+current_penalty+random:[21467,1101,5.13%] slack_tightness+current_penalty+random:[21520,719,3.34%]
  pair_top20: limit_time_urgency[4]+random[1]:[138,17,12.32%] volume[1]+limit_time_urgency[4]:[141,17,12.06%] volume[2]+limit_time_urgency[3]:[666,78,11.71%] volume[3]+limit_time_urgency[2]:[669,74,11.06%] volume[3]+limit_time_urgency[3]:[104,11,10.58%] volume[4]+limit_time_urgency[1]:[116,11,9.48%] pref_spread[0]+limit_time_urgency[4]:[393,36,9.16%] volume[3]+limit_time_urgency[1]:[1916,173,9.03%] limit_time_urgency[4]+slack_tightness[0]:[390,35,8.97%] volume[3]+slack_tightness[0]:[4346,378,8.70%] volume[2]+limit_time_urgency[2]:[10493,894,8.52%] volume[3]+pref_spread[1]:[1962,162,8.26%] limit_time_urgency[4]+current_penalty[0]:[377,31,8.22%] volume[3]+random[1]:[1961,161,8.21%] volume[3]+current_penalty[0]:[4329,348,8.04%] limit_time_urgency[4]+current_penalty[1]:[139,11,7.91%] volume[3]+pref_spread[0]:[4262,335,7.86%] volume[3]+random[0]:[4225,330,7.81%] pref_spread[1]+limit_time_urgency[3]:[1880,146,7.77%] volume[1]+limit_time_urgency[3]:[1920,147,7.66%]
[411.7516] [candidate-emit] interval=18.625s, final_horizon_time=186.248s, max_count=10
[411.8501] [expand] best: trial=1, score=491639.000
[411.8557] [expand] best: trial=1, score=590068.000
[411.8558] [expand] best: trial=1, score=530337.000
[411.8568] [expand] best: trial=1, score=603014.000
[411.8726] [expand] best: trial=2, score=534010.000
[411.8728] [expand] best: trial=2, score=486588.000
[411.8945] [expand] best: trial=5, score=524754.000
[411.8963] [expand] best: trial=2, score=557748.000
[411.9047] [expand] best: trial=5, score=526803.000
[411.9114] [expand] best: trial=6, score=467159.000
[411.9120] [expand] best: trial=7, score=518185.000
[411.9149] [expand] best: trial=4, score=520537.000
[411.9290] [expand] best: trial=10, score=473764.000
[411.9916] [expand] best: trial=27, score=518598.000
[411.9922] [expand] best: trial=24, score=451144.000
[412.0181] [expand] best: trial=34, score=457575.000
[412.0975] [expand] best: trial=57, score=518311.000
[412.1483] [expand] best: trial=82, score=511329.000
[412.1587] [expand] best: trial=85, score=449587.000
[412.3488] [expand] best: trial=146, score=503738.000
[412.4108] [expand] best: trial=183, score=510386.000
[412.4238] [expand] best: trial=175, score=493414.000
[412.6377] [expand] best: trial=270, score=500326.000
[412.9533] [expand] best: trial=404, score=441749.000
[413.3329] [expand] best: trial=611, score=457547.000
[413.5114] [expand] best: trial=629, score=486985.000
[413.9021] [expand] best: trial=772, score=489665.000
[414.3453] [expand] best: trial=987, score=440894.000
[414.4647] [expand] best: trial=1036, score=436552.000
[414.5629] [expand] best: trial=1079, score=433837.000
[414.8149] [expand] best: trial=1186, score=432305.000
[415.6678] [expand] best: trial=1494, score=463590.000
[416.7518] [expand] finish: trials=2030, score=432305.000
[416.7518] [expand] finish: trials=2141, score=457547.000
[416.7531] [expand] finish: trials=2014, score=486985.000
[416.7537] [expand] finish: trials=1982, score=463590.000
[416.7538] [optimize] horizon=8/8, blocks=150, initial=432305.000, w2=9.000
[416.7551] [candidate-emit] score=432305.000, force=true, status=ok, bytes=17379, serialize=0.000067s, write=0.001209s, total=0.001277s
[416.8962] [optimize]  local best: worker=1, iter=     266, score=424835.000
[416.8963] [optimize] shared best: worker=1, iter=     266, score=424835.000
[416.9287] [optimize]  local best: worker=1, iter=     368, score=418971.000
[416.9288] [optimize] shared best: worker=1, iter=     368, score=418971.000
[417.0006] [optimize worker=0] iter=     529, current=457547.000, temperature=574.612210, regime=T>0
[417.0014] [optimize worker=3] iter=     588, current=486985.000, temperature=574.607076, regime=T>0
[417.0019] [optimize worker=1] iter=     547, current=418971.000, temperature=574.603467, regime=T>0
[417.0026] [optimize worker=2] iter=     496, current=463590.000, temperature=574.598001, regime=T>0
[417.0459] [optimize]  local best: worker=1, iter=     673, score=412304.000
[417.0459] [optimize] shared best: worker=1, iter=     673, score=412304.000
[417.1417] [optimize]  local best: worker=3, iter=    1004, score=480318.000
[417.2368] [optimize]  local best: worker=3, iter=    1345, score=467787.000
[417.4991] [optimize]  local best: worker=0, iter=    2186, score=456926.000
[417.8143] [optimize]  local best: worker=0, iter=    3553, score=452954.000
[417.9458] [optimize]  local best: worker=0, iter=    4051, score=446287.000
[418.0001] [optimize worker=1] iter=    4805, current=412304.000, temperature=567.362681, regime=T>0
[418.0003] [optimize worker=0] iter=    4263, current=446287.000, temperature=567.361119, regime=T>0
[418.0004] [optimize worker=3] iter=    4436, current=467787.000, temperature=567.360619, regime=T>0
[418.0007] [optimize worker=2] iter=    4553, current=463590.000, temperature=567.358280, regime=T>0
[418.0265] [optimize]  local best: worker=3, iter=    4520, score=461120.000
[418.1327] [optimize]  local best: worker=3, iter=    4901, score=454453.000
[418.2747] [optimize]  local best: worker=3, iter=    5545, score=441119.000
[418.7634] [optimize]  local best: worker=3, iter=    7903, score=435381.000
[418.9928] [optimize]  local best: worker=2, iter=    9377, score=450256.000
[419.0000] [optimize worker=0] iter=    9241, current=447010.000, temperature=560.200552, regime=T>0
[419.0001] [optimize worker=3] iter=    9125, current=435381.000, temperature=560.199890, regime=T>0
[419.0001] [optimize worker=1] iter=    9913, current=412304.000, temperature=560.200297, regime=T>0
[419.0000] [optimize worker=2] iter=    9399, current=450256.000, temperature=560.200611, regime=T>0
[419.2444] [optimize]  local best: worker=0, iter=   10450, score=442238.000
[419.4917] [optimize]  local best: worker=0, iter=   11642, score=435571.000
[419.5314] [optimize]  local best: worker=2, iter=   12027, score=430255.000
[420.0001] [optimize worker=0] iter=   14199, current=435571.000, temperature=553.128000, regime=T>0
[420.0001] [optimize worker=2] iter=   14218, current=430255.000, temperature=553.127886, regime=T>0
[420.0001] [optimize worker=1] iter=   14987, current=412304.000, temperature=553.127813, regime=T>0
[420.0006] [optimize worker=3] iter=   14477, current=435381.000, temperature=553.124942, regime=T>0
[420.2502] [optimize]  local best: worker=0, iter=   15303, score=433874.000
[420.7175] [optimize]  local best: worker=0, iter=   17502, score=427207.000
[420.9049] [optimize]  local best: worker=0, iter=   18380, score=420129.000
[421.0000] [optimize worker=3] iter=   20016, current=435381.000, temperature=546.146077, regime=T>0
[421.0006] [optimize worker=1] iter=   20369, current=412304.000, temperature=546.142053, regime=T>0
[421.0006] [optimize worker=2] iter=   19045, current=430255.000, temperature=546.141842, regime=T>0
[421.0013] [optimize worker=0] iter=   18751, current=420129.000, temperature=546.136874, regime=T>0
[421.5179] [optimize]  local best: worker=0, iter=   21182, score=412598.000
[421.7655] [optimize]  local best: worker=3, iter=   24197, score=427413.000
[421.9690] [optimize]  local best: worker=0, iter=   23419, score=412540.000
[422.0001] [optimize worker=3] iter=   25528, current=427413.000, temperature=539.250816, regime=T>0
[422.0003] [optimize worker=2] iter=   23942, current=430255.000, temperature=539.249757, regime=T>0
[422.0012] [optimize worker=1] iter=   25475, current=412304.000, temperature=539.243456, regime=T>0
[422.0015] [optimize worker=0] iter=   23614, current=412540.000, temperature=539.241359, regime=T>0
[422.0393] [optimize]  local best: worker=0, iter=   23805, score=405873.000
[422.0394] [optimize] shared best: worker=0, iter=   23805, score=405873.000
[422.2888] [optimize]  local best: worker=0, iter=   25030, score=399206.000
[422.2889] [optimize] shared best: worker=0, iter=   25030, score=399206.000
[422.6249] [optimize]  local best: worker=0, iter=   26810, score=392539.000
[422.6250] [optimize] shared best: worker=0, iter=   26810, score=392539.000
[423.0000] [optimize worker=1] iter=   31070, current=412304.000, temperature=532.444042, regime=T>0
[423.0001] [optimize worker=0] iter=   28815, current=392539.000, temperature=532.443718, regime=T>0
[423.0003] [optimize worker=3] iter=   31015, current=427413.000, temperature=532.442491, regime=T>0
[423.0011] [optimize worker=2] iter=   29440, current=430255.000, temperature=532.436555, regime=T>0
[423.0801] [optimize]  local best: worker=3, iter=   31413, score=423695.000
[423.1398] [optimize]  local best: worker=3, iter=   31733, score=417028.000
[423.4813] [optimize]  local best: worker=3, iter=   33797, score=403694.000
[423.6096] [optimize]  local best: worker=3, iter=   34569, score=397027.000
[423.6728] [optimize]  local best: worker=1, iter=   34629, score=411501.000
[423.8421] [optimize]  local best: worker=1, iter=   35520, score=403183.000
[424.0001] [optimize worker=2] iter=   34587, current=430255.000, temperature=525.721997, regime=T>0
[424.0004] [optimize worker=3] iter=   36548, current=397027.000, temperature=525.719863, regime=T>0
[424.0006] [optimize worker=1] iter=   36362, current=403183.000, temperature=525.718941, regime=T>0
[424.0009] [optimize worker=0] iter=   34522, current=392539.000, temperature=525.716521, regime=T>0
[425.0001] [optimize worker=0] iter=   40037, current=392539.000, temperature=519.085060, regime=T>0
[425.0002] [optimize worker=1] iter=   41815, current=403183.000, temperature=519.084653, regime=T>0
[425.0003] [optimize worker=3] iter=   41984, current=397027.000, temperature=519.084167, regime=T>0
[425.0011] [optimize worker=2] iter=   39616, current=430255.000, temperature=519.078763, regime=T>0
[425.0042] [optimize]  local best: worker=0, iter=   40058, score=390417.000
[425.0043] [optimize] shared best: worker=0, iter=   40058, score=390417.000
[425.0486] [optimize]  local best: worker=0, iter=   40333, score=384564.000
[425.0487] [optimize] shared best: worker=0, iter=   40333, score=384564.000
[426.0000] [optimize worker=3] iter=   47512, current=397027.000, temperature=512.532946, regime=T>0
[426.0001] [optimize worker=1] iter=   47237, current=403183.000, temperature=512.532343, regime=T>0
[426.0002] [optimize worker=2] iter=   44741, current=430255.000, temperature=512.531840, regime=T>0
[426.0003] [optimize worker=0] iter=   45583, current=384564.000, temperature=512.530763, regime=T>0
[426.6974] [optimize]  local best: worker=3, iter=   51271, score=395232.000
[427.0000] [optimize worker=1] iter=   52815, current=403183.000, temperature=506.062596, regime=T>0
[427.0001] [optimize worker=0] iter=   51180, current=384564.000, temperature=506.062319, regime=T>0
[427.0001] [optimize worker=3] iter=   53022, current=395232.000, temperature=506.062378, regime=T>0
[427.0002] [optimize worker=2] iter=   49807, current=430255.000, temperature=506.061419, regime=T>0
[427.2509] [optimize]  local best: worker=3, iter=   54270, score=392473.000
[428.0000] [optimize worker=1] iter=   58327, current=403183.000, temperature=499.674289, regime=T>0
[428.0006] [optimize worker=0] iter=   56969, current=384564.000, temperature=499.670483, regime=T>0
[428.0008] [optimize worker=2] iter=   55273, current=430255.000, temperature=499.669346, regime=T>0
[428.0011] [optimize worker=3] iter=   58443, current=392473.000, temperature=499.667763, regime=T>0
[428.8647] [optimize]  local best: worker=1, iter=   63038, score=396516.000
[429.0000] [optimize worker=2] iter=   60318, current=430255.000, temperature=493.366377, regime=T>0
[429.0000] [optimize worker=0] iter=   62325, current=385439.000, temperature=493.366284, regime=T>0
[429.0001] [optimize worker=1] iter=   63726, current=396516.000, temperature=493.365639, regime=T>0
[429.0002] [optimize worker=3] iter=   64056, current=392473.000, temperature=493.365579, regime=T>0
[429.3507] [optimize]  local best: worker=2, iter=   61965, score=420521.000
[429.4258] [optimize]  local best: worker=2, iter=   62246, score=413854.000
[429.8405] [optimize]  local best: worker=0, iter=   66975, score=377897.000
[429.8406] [optimize] shared best: worker=0, iter=   66975, score=377897.000
[430.0000] [optimize worker=3] iter=   69817, current=392473.000, temperature=487.138253, regime=T>0
[430.0000] [optimize worker=1] iter=   69154, current=396516.000, temperature=487.138096, regime=T>0
[430.0003] [optimize worker=0] iter=   67846, current=377897.000, temperature=487.136502, regime=T>0
[430.0008] [optimize worker=2] iter=   65453, current=413854.000, temperature=487.133168, regime=T>0
[431.0000] [optimize worker=3] iter=   75306, current=392473.000, temperature=480.988639, regime=T>0
[431.0000] [optimize worker=2] iter=   70554, current=413854.000, temperature=480.988531, regime=T>0
[431.0001] [optimize worker=0] iter=   73550, current=377897.000, temperature=480.988240, regime=T>0
[431.0003] [optimize worker=1] iter=   74681, current=396516.000, temperature=480.986912, regime=T>0
[431.3499] [optimize]  local best: worker=3, iter=   77355, score=385806.000
[431.3915] [optimize]  local best: worker=3, iter=   77594, score=379786.000
[432.0000] [optimize worker=3] iter=   80880, current=379786.000, temperature=474.916740, regime=T>0
[432.0002] [optimize worker=1] iter=   80123, current=396516.000, temperature=474.915640, regime=T>0
[432.0003] [optimize worker=2] iter=   75831, current=413854.000, temperature=474.914857, regime=T>0
[432.0005] [optimize worker=0] iter=   79019, current=377897.000, temperature=474.913550, regime=T>0
[433.0001] [optimize worker=3] iter=   86537, current=379786.000, temperature=468.920885, regime=T>0
[433.0006] [optimize worker=2] iter=   80987, current=413854.000, temperature=468.917571, regime=T>0
[433.0011] [optimize worker=0] iter=   84830, current=377897.000, temperature=468.915039, regime=T>0
[433.0014] [optimize worker=1] iter=   85840, current=396516.000, temperature=468.913323, regime=T>0
[434.0001] [optimize worker=2] iter=   85948, current=413854.000, temperature=463.001295, regime=T>0
[434.0002] [optimize worker=0] iter=   90311, current=377897.000, temperature=463.000495, regime=T>0
[434.0005] [optimize worker=3] iter=   92317, current=379786.000, temperature=462.999108, regime=T>0
[434.0011] [optimize worker=1] iter=   91493, current=396516.000, temperature=462.995486, regime=T>0
[435.0000] [optimize worker=1] iter=   96861, current=396516.000, temperature=457.156655, regime=T>0
[435.0005] [optimize worker=0] iter=   95925, current=378772.000, temperature=457.154148, regime=T>0
[435.0009] [optimize worker=3] iter=   97734, current=379786.000, temperature=457.151618, regime=T>0
[435.0014] [optimize worker=2] iter=   91168, current=413854.000, temperature=457.148682, regime=T>0
[436.0001] [optimize worker=1] iter=  102633, current=396516.000, temperature=451.385446, regime=T>0
[436.0005] [optimize worker=3] iter=  103076, current=379786.000, temperature=451.383047, regime=T>0
[436.0006] [optimize worker=2] iter=   96410, current=413854.000, temperature=451.382396, regime=T>0
[436.0009] [optimize worker=0] iter=  101646, current=378772.000, temperature=451.380356, regime=T>0
[436.2817] [optimize]  local best: worker=3, iter=  104622, score=373119.000
[436.2823] [candidate-emit] score=373119.000, force=false, status=ok, bytes=17365, serialize=0.000054s, write=0.000398s, total=0.000452s
[436.2824] [optimize] shared best: worker=3, iter=  104622, score=373119.000
[437.0000] [optimize worker=2] iter=  101645, current=413854.000, temperature=445.687503, regime=T>0
[437.0000] [optimize worker=1] iter=  108157, current=396516.000, temperature=445.687295, regime=T>0
[437.0008] [optimize worker=3] iter=  108393, current=373119.000, temperature=445.683080, regime=T>0
[437.0013] [optimize worker=0] iter=  107317, current=378772.000, temperature=445.680227, regime=T>0
[438.0000] [optimize worker=2] iter=  106866, current=413854.000, temperature=440.061116, regime=T>0
[438.0002] [optimize worker=1] iter=  113697, current=396516.000, temperature=440.060278, regime=T>0
[438.0004] [optimize worker=0] iter=  112919, current=378772.000, temperature=440.058919, regime=T>0
[438.0004] [optimize worker=3] iter=  113910, current=373119.000, temperature=440.058882, regime=T>0
[439.0001] [optimize worker=0] iter=  118629, current=378772.000, temperature=434.505428, regime=T>0
[439.0003] [optimize worker=2] iter=  112138, current=413854.000, temperature=434.504118, regime=T>0
[439.0004] [optimize worker=3] iter=  119632, current=373119.000, temperature=434.504014, regime=T>0
[439.0012] [optimize worker=1] iter=  119086, current=396516.000, temperature=434.499504, regime=T>0
[440.0001] [optimize worker=2] iter=  117253, current=413854.000, temperature=429.020422, regime=T>0
[440.0005] [optimize worker=0] iter=  124597, current=377897.000, temperature=429.018100, regime=T>0
[440.0005] [optimize worker=1] iter=  124790, current=396516.000, temperature=429.018022, regime=T>0
[440.0010] [optimize worker=3] iter=  125429, current=373119.000, temperature=429.015431, regime=T>0
[440.4899] [optimize]  local best: worker=3, iter=  128050, score=368391.000
[440.4900] [optimize] shared best: worker=3, iter=  128050, score=368391.000
[441.0000] [optimize worker=3] iter=  131007, current=368391.000, temperature=423.604744, regime=T>0
[441.0000] [optimize worker=1] iter=  130052, current=396516.000, temperature=423.604665, regime=T>0
[441.0001] [optimize worker=0] iter=  130597, current=377897.000, temperature=423.604445, regime=T>0
[441.0005] [optimize worker=2] iter=  122701, current=413854.000, temperature=423.602009, regime=T>0
[441.7402] [optimize]  local best: worker=0, iter=  134636, score=372588.000
[442.0001] [optimize worker=3] iter=  136695, current=368391.000, temperature=418.256795, regime=T>0
[442.0003] [optimize worker=2] iter=  128300, current=413854.000, temperature=418.255442, regime=T>0
[442.0004] [optimize worker=0] iter=  135986, current=372588.000, temperature=418.254937, regime=T>0
[442.0010] [optimize worker=1] iter=  135609, current=396516.000, temperature=418.251825, regime=T>0
[443.0000] [optimize worker=0] iter=  141599, current=372588.000, temperature=412.977103, regime=T>0
[443.0001] [optimize worker=3] iter=  142595, current=368391.000, temperature=412.976944, regime=T>0
[443.0001] [optimize worker=1] iter=  141251, current=396516.000, temperature=412.976901, regime=T>0
[443.0002] [optimize worker=2] iter=  133640, current=413854.000, temperature=412.976273, regime=T>0
[444.0000] [optimize worker=2] iter=  138759, current=413854.000, temperature=407.763669, regime=T>0
[444.0001] [optimize worker=0] iter=  147240, current=372588.000, temperature=407.763088, regime=T>0
[444.0000] [optimize worker=3] iter=  148168, current=368391.000, temperature=407.763711, regime=T>0
[444.0004] [optimize worker=1] iter=  146864, current=396516.000, temperature=407.761880, regime=T>0
[444.8628] [optimize]  local best: worker=1, iter=  151874, score=389744.000
[445.0003] [optimize worker=0] iter=  152856, current=372588.000, temperature=402.614615, regime=T>0
[445.0008] [optimize worker=2] iter=  143908, current=413854.000, temperature=402.612080, regime=T>0
[445.0009] [optimize worker=3] iter=  153766, current=368391.000, temperature=402.611503, regime=T>0
[445.0013] [optimize worker=1] iter=  152485, current=389744.000, temperature=402.609442, regime=T>0
[446.0000] [optimize worker=3] iter=  159249, current=368391.000, temperature=397.533675, regime=T>0
[446.0001] [optimize worker=1] iter=  157836, current=389744.000, temperature=397.532947, regime=T>0
[446.0002] [optimize worker=2] iter=  149187, current=413854.000, temperature=397.532607, regime=T>0
[446.0003] [optimize worker=0] iter=  158351, current=372588.000, temperature=397.531978, regime=T>0
[446.0280] [optimize]  local best: worker=3, iter=  159441, score=366452.000
[446.0281] [optimize] shared best: worker=3, iter=  159441, score=366452.000
[447.0002] [optimize worker=3] iter=  164809, current=366452.000, temperature=392.514275, regime=T>0
[447.0003] [optimize worker=1] iter=  163404, current=389744.000, temperature=392.513932, regime=T>0
[447.0003] [optimize worker=2] iter=  154440, current=413854.000, temperature=392.513791, regime=T>0
[447.0010] [optimize worker=0] iter=  164038, current=372588.000, temperature=392.510167, regime=T>0
[448.0000] [optimize worker=1] iter=  169065, current=389744.000, temperature=387.560123, regime=T>0
[448.0000] [optimize worker=3] iter=  170498, current=366452.000, temperature=387.559982, regime=T>0
[448.0003] [optimize worker=2] iter=  159579, current=413854.000, temperature=387.558822, regime=T>0
[448.0008] [optimize worker=0] iter=  169828, current=372588.000, temperature=387.556236, regime=T>0
[449.0000] [optimize worker=3] iter=  176234, current=366452.000, temperature=382.667559, regime=T>0
[449.0000] [optimize worker=1] iter=  174621, current=389744.000, temperature=382.667527, regime=T>0
[449.0000] [optimize worker=0] iter=  175449, current=372588.000, temperature=382.667453, regime=T>0
[449.0002] [optimize worker=2] iter=  164894, current=413854.000, temperature=382.666716, regime=T>0
[450.0000] [optimize worker=2] iter=  170256, current=413854.000, temperature=377.836797, regime=T>0
[450.0002] [optimize worker=1] iter=  180484, current=389744.000, temperature=377.835660, regime=T>0
[450.0005] [optimize worker=0] iter=  180921, current=372588.000, temperature=377.834426, regime=T>0
[450.0008] [optimize worker=3] iter=  181881, current=366452.000, temperature=377.833250, regime=T>0
[451.0000] [optimize worker=3] iter=  187442, current=366452.000, temperature=373.067075, regime=T>0
[451.0000] [optimize worker=1] iter=  186105, current=389744.000, temperature=373.066984, regime=T>0
[451.0007] [optimize worker=0] iter=  186618, current=372588.000, temperature=373.063640, regime=T>0
[451.0010] [optimize worker=2] iter=  175596, current=413854.000, temperature=373.062166, regime=T>0
[452.0000] [optimize worker=2] iter=  180496, current=413854.000, temperature=368.357429, regime=T>0
[452.0001] [optimize worker=0] iter=  192219, current=372588.000, temperature=368.357031, regime=T>0
[452.0002] [optimize worker=3] iter=  193072, current=366452.000, temperature=368.356690, regime=T>0
[452.0003] [optimize worker=1] iter=  191744, current=389744.000, temperature=368.356055, regime=T>0
[453.0000] [optimize worker=1] iter=  197527, current=389744.000, temperature=363.707220, regime=T>0
[453.0001] [optimize worker=0] iter=  197864, current=372588.000, temperature=363.706695, regime=T>0
[453.0004] [optimize worker=2] iter=  185787, current=413854.000, temperature=363.705423, regime=T>0
[453.0017] [optimize worker=3] iter=  198715, current=366452.000, temperature=363.699555, regime=T>0
[454.0000] [optimize worker=0] iter=  203594, current=372588.000, temperature=359.115861, regime=T>0
[454.0004] [optimize worker=2] iter=  191132, current=413854.000, temperature=359.114192, regime=T>0
[454.0006] [optimize worker=1] iter=  203127, current=389744.000, temperature=359.113370, regime=T>0
[454.0006] [optimize worker=3] iter=  204450, current=366452.000, temperature=359.113113, regime=T>0
[454.9154] [optimize]  local best: worker=2, iter=  195926, score=408254.000
[455.0000] [optimize worker=0] iter=  209180, current=372588.000, temperature=354.582412, regime=T>0
[455.0001] [optimize worker=3] iter=  210153, current=366452.000, temperature=354.581873, regime=T>0
[455.0004] [optimize worker=1] iter=  208830, current=389744.000, temperature=354.580545, regime=T>0
[455.0008] [optimize worker=2] iter=  196365, current=408254.000, temperature=354.578888, regime=T>0
[456.0000] [optimize worker=1] iter=  214371, current=389744.000, temperature=350.106239, regime=T>0
[456.0001] [optimize worker=3] iter=  215611, current=366452.000, temperature=350.105797, regime=T>0
[456.0005] [optimize worker=2] iter=  201526, current=408254.000, temperature=350.104053, regime=T>0
[456.0007] [optimize worker=0] iter=  214910, current=372588.000, temperature=350.103177, regime=T>0
[456.0146] [optimize]  local best: worker=2, iter=  201623, score=405058.000
[457.0000] [optimize worker=1] iter=  220142, current=389744.000, temperature=345.686462, regime=T>0
[457.0000] [optimize worker=3] iter=  221149, current=366452.000, temperature=345.686397, regime=T>0
[457.0001] [optimize worker=0] iter=  220532, current=372588.000, temperature=345.686126, regime=T>0
[457.0002] [optimize worker=2] iter=  206869, current=405058.000, temperature=345.685690, regime=T>0
[458.0000] [optimize worker=3] iter=  226935, current=366452.000, temperature=341.322486, regime=T>0
[458.0001] [optimize worker=1] iter=  225761, current=389744.000, temperature=341.322268, regime=T>0
[458.0001] [optimize worker=0] iter=  226171, current=372588.000, temperature=341.322119, regime=T>0
[458.0006] [optimize worker=2] iter=  212466, current=405058.000, temperature=341.320092, regime=T>0
[459.0001] [optimize worker=2] iter=  217724, current=405058.000, temperature=337.013479, regime=T>0
[459.0001] [optimize worker=3] iter=  232512, current=366452.000, temperature=337.013208, regime=T>0
[459.0005] [optimize worker=0] iter=  231889, current=372588.000, temperature=337.011467, regime=T>0
[459.0006] [optimize worker=1] iter=  231480, current=389744.000, temperature=337.011258, regime=T>0
[460.0000] [optimize worker=2] iter=  222979, current=405058.000, temperature=332.759269, regime=T>0
[460.0002] [optimize worker=3] iter=  238231, current=366452.000, temperature=332.758548, regime=T>0
[460.0006] [optimize worker=0] iter=  237591, current=372588.000, temperature=332.756790, regime=T>0
[460.0007] [optimize worker=1] iter=  236940, current=389744.000, temperature=332.756533, regime=T>0
[460.1664] [optimize]  local best: worker=1, iter=  237927, score=383077.000
[461.0000] [optimize worker=1] iter=  242922, current=383077.000, temperature=328.558575, regime=T>0
[461.0000] [optimize worker=3] iter=  244143, current=366452.000, temperature=328.558517, regime=T>0
[461.0000] [optimize worker=0] iter=  243144, current=372588.000, temperature=328.558414, regime=T>0
[461.0013] [optimize worker=2] iter=  228032, current=405058.000, temperature=328.553021, regime=T>0
[462.0001] [optimize worker=1] iter=  248839, current=383077.000, temperature=324.410365, regime=T>0
[462.0007] [optimize worker=0] iter=  248974, current=372588.000, temperature=324.407925, regime=T>0
[462.0009] [optimize worker=3] iter=  249814, current=366452.000, temperature=324.407137, regime=T>0
[462.0011] [optimize worker=2] iter=  233513, current=405058.000, temperature=324.406471, regime=T>0
[463.0000] [optimize worker=0] iter=  254581, current=372588.000, temperature=320.315463, regime=T>0
[463.0001] [optimize worker=3] iter=  255408, current=366452.000, temperature=320.315287, regime=T>0
[463.0008] [optimize worker=2] iter=  238744, current=405058.000, temperature=320.312466, regime=T>0
[463.0014] [optimize worker=1] iter=  254505, current=383077.000, temperature=320.309730, regime=T>0
[464.0000] [optimize worker=1] iter=  260290, current=383077.000, temperature=316.271878, regime=T>0
[464.0001] [optimize worker=2] iter=  243970, current=405058.000, temperature=316.271715, regime=T>0
[464.0001] [optimize worker=0] iter=  260076, current=372588.000, temperature=316.271465, regime=T>0
[464.0007] [optimize worker=3] iter=  260983, current=366452.000, temperature=316.269350, regime=T>0
[465.0000] [optimize worker=2] iter=  249186, current=405058.000, temperature=312.279266, regime=T>0
[465.0004] [optimize worker=0] iter=  265710, current=372588.000, temperature=312.277545, regime=T>0
[465.0007] [optimize worker=3] iter=  266801, current=366452.000, temperature=312.276417, regime=T>0
[465.0017] [optimize worker=1] iter=  265955, current=383077.000, temperature=312.272729, regime=T>0
[466.0000] [optimize worker=1] iter=  271970, current=383077.000, temperature=308.337084, regime=T>0
[466.0001] [optimize worker=2] iter=  254422, current=405058.000, temperature=308.336859, regime=T>0
[466.0001] [optimize worker=3] iter=  272157, current=366452.000, temperature=308.336804, regime=T>0
[466.0001] [optimize worker=0] iter=  271161, current=372588.000, temperature=308.336626, regime=T>0
[467.0001] [optimize worker=3] iter=  277681, current=366452.000, temperature=304.444459, regime=T>0
[467.0002] [optimize worker=1] iter=  277930, current=383077.000, temperature=304.443939, regime=T>0
[467.0001] [optimize worker=2] iter=  259510, current=405058.000, temperature=304.444274, regime=T>0
[467.0009] [optimize worker=0] iter=  276922, current=372588.000, temperature=304.441402, regime=T>0
[468.0000] [optimize worker=0] iter=  282514, current=372588.000, temperature=300.601352, regime=T>0
[468.0001] [optimize worker=2] iter=  265086, current=405058.000, temperature=300.601110, regime=T>0
[468.0002] [optimize worker=1] iter=  283527, current=383077.000, temperature=300.600529, regime=T>0
[468.0007] [optimize worker=3] iter=  283348, current=366452.000, temperature=300.598727, regime=T>0
[469.0000] [optimize worker=0] iter=  287881, current=372588.000, temperature=296.806569, regime=T>0
[469.0002] [optimize worker=3] iter=  288701, current=366452.000, temperature=296.806017, regime=T>0
[469.0006] [optimize worker=1] iter=  289583, current=383077.000, temperature=296.804428, regime=T>0
[469.0007] [optimize worker=2] iter=  270490, current=405058.000, temperature=296.803949, regime=T>0
[469.3975] [optimize]  local best: worker=1, iter=  291934, score=369743.000
[470.0000] [optimize worker=3] iter=  294225, current=366452.000, temperature=293.059783, regime=T>0
[470.0002] [optimize worker=2] iter=  275624, current=405058.000, temperature=293.059029, regime=T>0
[470.0002] [optimize worker=0] iter=  293578, current=372588.000, temperature=293.058958, regime=T>0
[470.0004] [optimize worker=1] iter=  295281, current=369743.000, temperature=293.058358, regime=T>0
[471.0000] [optimize worker=0] iter=  299105, current=372588.000, temperature=289.360151, regime=T>0
[471.0001] [optimize worker=1] iter=  301191, current=369743.000, temperature=289.359846, regime=T>0
[471.0005] [optimize worker=2] iter=  280754, current=405058.000, temperature=289.358241, regime=T>0
[471.0012] [optimize worker=3] iter=  299828, current=366452.000, temperature=289.355911, regime=T>0
[472.0000] [optimize worker=2] iter=  286131, current=405058.000, temperature=285.707235, regime=T>0
[472.0001] [optimize worker=3] iter=  305396, current=366452.000, temperature=285.707063, regime=T>0
[472.0003] [optimize worker=1] iter=  306833, current=369743.000, temperature=285.706312, regime=T>0
[472.0007] [optimize worker=0] iter=  304691, current=372588.000, temperature=285.704786, regime=T>0
[473.0000] [optimize worker=2] iter=  291265, current=405058.000, temperature=282.100590, regime=T>0
[473.0003] [optimize worker=3] iter=  311075, current=366452.000, temperature=282.099755, regime=T>0
[473.0009] [optimize worker=0] iter=  310245, current=372588.000, temperature=282.097360, regime=T>0
[473.0010] [optimize worker=1] iter=  312647, current=369743.000, temperature=282.097012, regime=T>0
[474.0001] [optimize worker=3] iter=  316697, current=366452.000, temperature=278.539038, regime=T>0
[474.0002] [optimize worker=0] iter=  315728, current=372588.000, temperature=278.538523, regime=T>0
[474.0001] [optimize worker=1] iter=  318745, current=369743.000, temperature=278.538980, regime=T>0
[474.0009] [optimize worker=2] iter=  296592, current=405058.000, temperature=278.536387, regime=T>0
[474.0634] [optimize]  local best: worker=2, iter=  296919, score=391724.000
[475.0001] [optimize worker=3] iter=  322371, current=366452.000, temperature=275.022676, regime=T>0
[475.0003] [optimize worker=0] iter=  321120, current=372588.000, temperature=275.022244, regime=T>0
[475.0002] [optimize worker=1] iter=  324642, current=369743.000, temperature=275.022482, regime=T>0
[475.0004] [optimize worker=2] iter=  301968, current=391724.000, temperature=275.021822, regime=T>0
[475.2498] [optimize]  local best: worker=3, iter=  323778, score=362768.000
[475.2502] [candidate-emit] score=362768.000, force=false, status=ok, bytes=17380, serialize=0.000051s, write=0.000201s, total=0.000252s
[475.2502] [optimize] shared best: worker=3, iter=  323778, score=362768.000
[476.0000] [optimize worker=2] iter=  307341, current=391724.000, temperature=271.551109, regime=T>0
[476.0001] [optimize worker=0] iter=  326801, current=372588.000, temperature=271.550821, regime=T>0
[476.0003] [optimize worker=1] iter=  330635, current=369743.000, temperature=271.550115, regime=T>0
[476.0005] [optimize worker=3] iter=  327961, current=362768.000, temperature=271.549727, regime=T>0
[477.0000] [optimize worker=2] iter=  312543, current=391724.000, temperature=268.123089, regime=T>0
[477.0002] [optimize worker=0] iter=  332613, current=372588.000, temperature=268.122635, regime=T>0
[477.0001] [optimize worker=1] iter=  336044, current=369743.000, temperature=268.123063, regime=T>0
[477.0004] [optimize worker=3] iter=  333402, current=362768.000, temperature=268.121999, regime=T>0
[478.0000] [optimize worker=3] iter=  338988, current=362768.000, temperature=264.738474, regime=T>0
[478.0000] [optimize worker=1] iter=  341844, current=369743.000, temperature=264.738383, regime=T>0
[478.0010] [optimize worker=0] iter=  338179, current=372588.000, temperature=264.734922, regime=T>0
[478.0012] [optimize worker=2] iter=  317849, current=391724.000, temperature=264.734494, regime=T>0
[479.0001] [optimize worker=0] iter=  343752, current=372588.000, temperature=261.396238, regime=T>0
[479.0002] [optimize worker=2] iter=  323095, current=391724.000, temperature=261.395850, regime=T>0
[479.0004] [optimize worker=3] iter=  344532, current=362768.000, temperature=261.395161, regime=T>0
[479.0016] [optimize worker=1] iter=  347419, current=369743.000, temperature=261.391272, regime=T>0
[479.0857] [optimize]  local best: worker=1, iter=  347987, score=363879.000
[480.0000] [optimize worker=2] iter=  328357, current=391724.000, temperature=258.096423, regime=T>0
[480.0002] [optimize worker=0] iter=  349316, current=372588.000, temperature=258.096036, regime=T>0
[480.0003] [optimize worker=1] iter=  353165, current=363879.000, temperature=258.095761, regime=T>0
[480.0008] [optimize worker=3] iter=  350120, current=362768.000, temperature=258.094073, regime=T>0
[481.0001] [optimize worker=0] iter=  354809, current=372588.000, temperature=254.838148, regime=T>0
[481.0001] [optimize worker=1] iter=  358817, current=363879.000, temperature=254.838047, regime=T>0
[481.0006] [optimize worker=2] iter=  333558, current=391724.000, temperature=254.836562, regime=T>0
[481.0007] [optimize worker=3] iter=  355574, current=362768.000, temperature=254.836311, regime=T>0
[481.5740] [optimize]  local best: worker=3, iter=  358789, score=357220.000
[481.5741] [optimize] shared best: worker=3, iter=  358789, score=357220.000
[482.0000] [optimize worker=2] iter=  338859, current=391724.000, temperature=251.621310, regime=T>0
[482.0002] [optimize worker=1] iter=  364554, current=363879.000, temperature=251.620863, regime=T>0
[482.0006] [optimize worker=0] iter=  360526, current=372588.000, temperature=251.619410, regime=T>0
[482.0014] [optimize worker=3] iter=  361254, current=357220.000, temperature=251.616754, regime=T>0
[483.0000] [optimize worker=3] iter=  366585, current=357220.000, temperature=248.444884, regime=T>0
[483.0006] [optimize worker=1] iter=  370384, current=363879.000, temperature=248.443117, regime=T>0
[483.0009] [optimize worker=2] iter=  344188, current=391724.000, temperature=248.442046, regime=T>0
[483.0010] [optimize worker=0] iter=  366145, current=372588.000, temperature=248.441700, regime=T>0
[484.0000] [optimize worker=1] iter=  376238, current=363879.000, temperature=245.308509, regime=T>0
[484.0001] [optimize worker=3] iter=  371963, current=357220.000, temperature=245.308134, regime=T>0
[484.0001] [optimize worker=2] iter=  349537, current=391724.000, temperature=245.308242, regime=T>0
[484.0000] [optimize worker=0] iter=  371671, current=372588.000, temperature=245.308462, regime=T>0
[485.0001] [optimize worker=2] iter=  354679, current=391724.000, temperature=242.211438, regime=T>0
[485.0003] [optimize worker=0] iter=  377265, current=372588.000, temperature=242.210917, regime=T>0
[485.0005] [optimize worker=1] iter=  381905, current=363879.000, temperature=242.210206, regime=T>0
[485.0006] [optimize worker=3] iter=  377211, current=357220.000, temperature=242.210080, regime=T>0
[486.0000] [optimize worker=3] iter=  382613, current=357220.000, temperature=239.154044, regime=T>0
[486.0001] [optimize worker=2] iter=  359862, current=391724.000, temperature=239.153778, regime=T>0
[486.0004] [optimize worker=1] iter=  387676, current=363879.000, temperature=239.153000, regime=T>0
[486.0004] [optimize worker=0] iter=  382995, current=372588.000, temperature=239.152963, regime=T>0
[487.0000] [optimize worker=0] iter=  388501, current=372588.000, temperature=236.134993, regime=T>0
[487.0000] [optimize worker=1] iter=  393409, current=363879.000, temperature=236.135000, regime=T>0
[487.0006] [optimize worker=2] iter=  365088, current=391724.000, temperature=236.133097, regime=T>0
[487.0009] [optimize worker=3] iter=  387995, current=357220.000, temperature=236.132406, regime=T>0
[488.0001] [optimize worker=1] iter=  399240, current=363879.000, temperature=233.153829, regime=T>0
[488.0001] [optimize worker=3] iter=  393729, current=357220.000, temperature=233.153808, regime=T>0
[488.0010] [optimize worker=2] iter=  370548, current=391724.000, temperature=233.151262, regime=T>0
[488.0010] [optimize worker=0] iter=  394237, current=372588.000, temperature=233.151045, regime=T>0
[488.9940] [optimize]  local best: worker=2, iter=  375839, score=385057.000
[489.0000] [optimize worker=2] iter=  375869, current=385057.000, temperature=230.210742, regime=T>0
[489.0001] [optimize worker=0] iter=  399889, current=372588.000, temperature=230.210544, regime=T>0
[489.0010] [optimize worker=1] iter=  404920, current=363879.000, temperature=230.207853, regime=T>0
[489.0015] [optimize worker=3] iter=  399406, current=357220.000, temperature=230.206376, regime=T>0
[490.0000] [optimize worker=0] iter=  405768, current=372588.000, temperature=227.304577, regime=T>0
[490.0000] [optimize worker=1] iter=  410461, current=363879.000, temperature=227.304602, regime=T>0
[490.0000] [optimize worker=2] iter=  381393, current=385057.000, temperature=227.304543, regime=T>0
[490.0013] [optimize worker=3] iter=  404862, current=357220.000, temperature=227.300999, regime=T>0
[490.9267] [optimize]  local best: worker=2, iter=  386345, score=378390.000
[491.0000] [optimize worker=2] iter=  386756, current=378390.000, temperature=224.435054, regime=T>0
[491.0001] [optimize worker=1] iter=  416252, current=363879.000, temperature=224.434975, regime=T>0
[491.0002] [optimize worker=0] iter=  411244, current=372588.000, temperature=224.434557, regime=T>0
[491.0011] [optimize worker=3] iter=  410658, current=357220.000, temperature=224.431923, regime=T>0
[491.1653] [optimize]  local best: worker=0, iter=  412220, score=372446.000
[492.0000] [optimize worker=2] iter=  392142, current=378390.000, temperature=221.601830, regime=T>0
[492.0002] [optimize worker=0] iter=  416970, current=372446.000, temperature=221.601433, regime=T>0
[492.0005] [optimize worker=1] iter=  422167, current=363879.000, temperature=221.600507, regime=T>0
[492.0007] [optimize worker=3] iter=  415989, current=357220.000, temperature=221.600017, regime=T>0
[493.0000] [optimize worker=3] iter=  421598, current=357220.000, temperature=218.804330, regime=T>0
[493.0001] [optimize worker=2] iter=  397562, current=378390.000, temperature=218.804083, regime=T>0
[493.0001] [optimize worker=1] iter=  427881, current=363879.000, temperature=218.804091, regime=T>0
[493.0002] [optimize worker=0] iter=  422432, current=372446.000, temperature=218.803916, regime=T>0
[494.0002] [optimize worker=0] iter=  427807, current=372446.000, temperature=216.041636, regime=T>0
[494.0004] [optimize worker=1] iter=  433474, current=363879.000, temperature=216.041102, regime=T>0
[494.0005] [optimize worker=2] iter=  402833, current=378390.000, temperature=216.040721, regime=T>0
[494.0017] [optimize worker=3] iter=  427434, current=357220.000, temperature=216.037639, regime=T>0
[495.0001] [optimize worker=0] iter=  433466, current=372446.000, temperature=213.314674, regime=T>0
[495.0003] [optimize worker=1] iter=  439188, current=363879.000, temperature=213.314027, regime=T>0
[495.0005] [optimize worker=3] iter=  432826, current=357220.000, temperature=213.313673, regime=T>0
[495.0013] [optimize worker=2] iter=  408234, current=378390.000, temperature=213.311485, regime=T>0
[496.0000] [optimize worker=3] iter=  438428, current=357220.000, temperature=210.621959, regime=T>0
[496.0001] [optimize worker=0] iter=  439187, current=372446.000, temperature=210.621656, regime=T>0
[496.0001] [optimize worker=2] iter=  413737, current=378390.000, temperature=210.621810, regime=T>0
[496.0002] [optimize worker=1] iter=  444634, current=363879.000, temperature=210.621573, regime=T>0
[497.0000] [optimize worker=3] iter=  443907, current=357220.000, temperature=207.963163, regime=T>0
[497.0001] [optimize worker=0] iter=  444863, current=372588.000, temperature=207.962953, regime=T>0
[497.0001] [optimize worker=2] iter=  419344, current=378390.000, temperature=207.962941, regime=T>0
[497.0002] [optimize worker=1] iter=  450171, current=363879.000, temperature=207.962677, regime=T>0
[498.0000] [optimize worker=3] iter=  449328, current=357220.000, temperature=205.337871, regime=T>0
[498.0012] [optimize worker=0] iter=  450331, current=372446.000, temperature=205.334658, regime=T>0
[498.0015] [optimize worker=1] iter=  455925, current=363879.000, temperature=205.334022, regime=T>0
[498.0016] [optimize worker=2] iter=  424956, current=378390.000, temperature=205.333774, regime=T>0
[499.0001] [optimize worker=0] iter=  455884, current=372446.000, temperature=202.745456, regime=T>0
[499.0005] [optimize worker=2] iter=  430517, current=378390.000, temperature=202.744493, regime=T>0
[499.0006] [optimize worker=1] iter=  461649, current=363879.000, temperature=202.744219, regime=T>0
[499.0014] [optimize worker=3] iter=  454950, current=357220.000, temperature=202.742109, regime=T>0
[499.6577] [optimize]  local best: worker=0, iter=  459492, score=354893.000
[499.6581] [candidate-emit] score=354893.000, force=false, status=ok, bytes=17361, serialize=0.000052s, write=0.000349s, total=0.000401s
[499.6582] [optimize] shared best: worker=0, iter=  459492, score=354893.000
[499.7323] [optimize]  local best: worker=3, iter=  459006, score=356799.000
[500.0000] [optimize worker=0] iter=  461408, current=354893.000, temperature=200.186214, regime=T>0
[500.0006] [optimize worker=3] iter=  460507, current=356799.000, temperature=200.184681, regime=T>0
[500.0014] [optimize worker=2] iter=  435814, current=378390.000, temperature=200.182650, regime=T>0
[500.0015] [optimize worker=1] iter=  467197, current=363879.000, temperature=200.182488, regime=T>0
[500.6735] [optimize]  local best: worker=3, iter=  464165, score=355755.000
[500.9580] [optimize]  local best: worker=2, iter=  440974, score=372704.000
[501.0000] [optimize worker=3] iter=  466088, current=355755.000, temperature=197.659086, regime=T>0
[501.0000] [optimize worker=2] iter=  441204, current=372704.000, temperature=197.659006, regime=T>0
[501.0007] [optimize worker=0] iter=  467161, current=354893.000, temperature=197.657311, regime=T>0
[501.0008] [optimize worker=1] iter=  472645, current=363879.000, temperature=197.657174, regime=T>0
[502.0001] [optimize worker=1] iter=  478079, current=363879.000, temperature=195.163738, regime=T>0
[502.0004] [optimize worker=3] iter=  471904, current=355755.000, temperature=195.162858, regime=T>0
[502.0008] [optimize worker=0] iter=  473146, current=354893.000, temperature=195.161824, regime=T>0
[502.0011] [optimize worker=2] iter=  446783, current=372704.000, temperature=195.161130, regime=T>0
[503.0000] [optimize worker=1] iter=  483855, current=363879.000, temperature=192.700117, regime=T>0
[503.0000] [optimize worker=2] iter=  452210, current=372704.000, temperature=192.700087, regime=T>0
[503.0003] [optimize worker=3] iter=  477415, current=355755.000, temperature=192.699513, regime=T>0
[503.0003] [optimize worker=0] iter=  478677, current=354893.000, temperature=192.699298, regime=T>0
[503.1377] [optimize]  local best: worker=2, iter=  452971, score=366037.000
[504.0001] [optimize worker=2] iter=  457519, current=366037.000, temperature=190.267309, regime=T>0
[504.0005] [optimize worker=3] iter=  482864, current=355755.000, temperature=190.266406, regime=T>0
[504.0014] [optimize worker=0] iter=  484547, current=354893.000, temperature=190.264079, regime=T>0
[504.0016] [optimize worker=1] iter=  489473, current=363879.000, temperature=190.263722, regime=T>0
[505.0000] [optimize worker=0] iter=  490142, current=354893.000, temperature=187.865556, regime=T>0
[505.0001] [optimize worker=1] iter=  495236, current=363879.000, temperature=187.865334, regime=T>0
[505.0008] [optimize worker=3] iter=  488433, current=355755.000, temperature=187.863815, regime=T>0
[505.0021] [optimize worker=2] iter=  462632, current=366037.000, temperature=187.860500, regime=T>0
[505.6410] [optimize]  local best: worker=3, iter=  492136, score=352885.000
[505.6410] [optimize] shared best: worker=3, iter=  492136, score=352885.000
[506.0000] [optimize worker=0] iter=  495688, current=354893.000, temperature=185.493946, regime=T>0
[506.0001] [optimize worker=1] iter=  500865, current=363879.000, temperature=185.493764, regime=T>0
[506.0005] [optimize worker=3] iter=  494019, current=352885.000, temperature=185.492894, regime=T>0
[506.0005] [optimize worker=2] iter=  468114, current=366037.000, temperature=185.492805, regime=T>0
[507.0000] [optimize worker=0] iter=  501284, current=354893.000, temperature=183.152283, regime=T>0
[507.0002] [optimize worker=1] iter=  506706, current=363879.000, temperature=183.151816, regime=T>0
[507.0009] [optimize worker=3] iter=  499625, current=352885.000, temperature=183.150306, regime=T>0
[507.0012] [optimize worker=2] iter=  473265, current=366037.000, temperature=183.149418, regime=T>0
[508.0000] [optimize worker=3] iter=  505226, current=352885.000, temperature=180.840182, regime=T>0
[508.0004] [optimize worker=1] iter=  512439, current=363879.000, temperature=180.839376, regime=T>0
[508.0007] [optimize worker=2] iter=  478403, current=366037.000, temperature=180.838646, regime=T>0
[508.0010] [optimize worker=0] iter=  506650, current=354893.000, temperature=180.837850, regime=T>0
[509.0001] [optimize worker=1] iter=  518085, current=363879.000, temperature=178.557201, regime=T>0
[509.0004] [optimize worker=3] iter=  510668, current=352885.000, temperature=178.556438, regime=T>0
[509.0008] [optimize worker=0] iter=  512366, current=354893.000, temperature=178.555446, regime=T>0
[509.0008] [optimize worker=2] iter=  483477, current=366037.000, temperature=178.555396, regime=T>0
[509.7811] [optimize]  local best: worker=3, iter=  514908, score=346218.000
[509.7811] [optimize] shared best: worker=3, iter=  514908, score=346218.000
[510.0000] [optimize worker=0] iter=  517967, current=354893.000, temperature=176.303205, regime=T>0
[510.0001] [optimize worker=1] iter=  523533, current=363879.000, temperature=176.303053, regime=T>0
[510.0003] [optimize worker=2] iter=  488553, current=366037.000, temperature=176.302483, regime=T>0
[510.0003] [optimize worker=3] iter=  515980, current=346218.000, temperature=176.302462, regime=T>0
[511.0000] [optimize worker=0] iter=  523471, current=354893.000, temperature=174.077553, regime=T>0
[511.0001] [optimize worker=2] iter=  493734, current=366037.000, temperature=174.077294, regime=T>0
[511.0001] [optimize worker=1] iter=  529207, current=363879.000, temperature=174.077280, regime=T>0
[511.0000] [optimize worker=3] iter=  521626, current=346218.000, temperature=174.077494, regime=T>0
[512.0000] [optimize worker=2] iter=  498905, current=366037.000, temperature=171.880008, regime=T>0
[512.0000] [optimize worker=3] iter=  527031, current=346218.000, temperature=171.879969, regime=T>0
[512.0002] [optimize worker=0] iter=  528787, current=354893.000, temperature=171.879624, regime=T>0
[512.0007] [optimize worker=1] iter=  534671, current=363879.000, temperature=171.878408, regime=T>0
[513.0001] [optimize worker=3] iter=  532625, current=346218.000, temperature=169.710100, regime=T>0
[513.0001] [optimize worker=0] iter=  534287, current=354893.000, temperature=169.710074, regime=T>0
[513.0003] [optimize worker=1] iter=  539913, current=363879.000, temperature=169.709541, regime=T>0
[513.0009] [optimize worker=2] iter=  503961, current=366037.000, temperature=169.708229, regime=T>0
[514.0000] [optimize worker=3] iter=  538204, current=346218.000, temperature=167.567782, regime=T>0
[514.0000] [optimize worker=2] iter=  509044, current=366037.000, temperature=167.567727, regime=T>0
[514.0001] [optimize worker=1] iter=  545349, current=363879.000, temperature=167.567599, regime=T>0
[514.0011] [optimize worker=0] iter=  539694, current=354893.000, temperature=167.565461, regime=T>0
[515.0000] [optimize worker=2] iter=  514189, current=366037.000, temperature=165.452440, regime=T>0
[515.0002] [optimize worker=0] iter=  545049, current=354893.000, temperature=165.452085, regime=T>0
[515.0002] [optimize worker=1] iter=  550868, current=363879.000, temperature=165.452003, regime=T>0
[515.0006] [optimize worker=3] iter=  543606, current=346218.000, temperature=165.451214, regime=T>0
[516.0002] [optimize worker=2] iter=  519543, current=366037.000, temperature=163.363388, regime=T>0
[516.0004] [optimize worker=3] iter=  549033, current=346218.000, temperature=163.363037, regime=T>0
[516.0008] [optimize worker=1] iter=  556013, current=363879.000, temperature=163.362159, regime=T>0
[516.0009] [optimize worker=0] iter=  550504, current=354893.000, temperature=163.361999, regime=T>0
[516.1207] [optimize]  local best: worker=3, iter=  549699, score=339551.000
[516.1208] [optimize] shared best: worker=3, iter=  549699, score=339551.000
[517.0000] [optimize worker=2] iter=  524650, current=366037.000, temperature=161.301505, regime=T>0
[517.0000] [optimize worker=0] iter=  556005, current=354893.000, temperature=161.301482, regime=T>0
[517.0000] [optimize worker=3] iter=  554364, current=339551.000, temperature=161.301431, regime=T>0
[517.0003] [optimize worker=1] iter=  561608, current=363879.000, temperature=161.300867, regime=T>0
[518.0001] [optimize worker=2] iter=  529869, current=366037.000, temperature=159.265128, regime=T>0
[518.0001] [optimize worker=1] iter=  567226, current=363879.000, temperature=159.265124, regime=T>0
[518.0005] [optimize worker=0] iter=  561723, current=354893.000, temperature=159.264293, regime=T>0
[518.0007] [optimize worker=3] iter=  559810, current=339551.000, temperature=159.263832, regime=T>0
[518.6124] [optimize]  local best: worker=3, iter=  563216, score=339443.000
[518.6135] [candidate-emit] score=339443.000, force=false, status=ok, bytes=17367, serialize=0.000053s, write=0.000976s, total=0.001029s
[518.6136] [optimize] shared best: worker=3, iter=  563216, score=339443.000
[519.0000] [optimize worker=1] iter=  572994, current=363879.000, temperature=157.254638, regime=T>0
[519.0002] [optimize worker=2] iter=  534788, current=366037.000, temperature=157.254327, regime=T>0
[519.0003] [optimize worker=0] iter=  567399, current=354893.000, temperature=157.254024, regime=T>0
[519.0004] [optimize worker=3] iter=  565299, current=339443.000, temperature=157.253984, regime=T>0
[519.7028] [optimize]  local best: worker=3, iter=  569143, score=332776.000
[519.7029] [optimize] shared best: worker=3, iter=  569143, score=332776.000
[520.0000] [optimize worker=1] iter=  578527, current=363879.000, temperature=155.269508, regime=T>0
[520.0001] [optimize worker=3] iter=  570697, current=332776.000, temperature=155.269420, regime=T>0
[520.0001] [optimize worker=2] iter=  540035, current=366037.000, temperature=155.269344, regime=T>0
[520.0004] [optimize worker=0] iter=  572857, current=354893.000, temperature=155.268751, regime=T>0
[521.0000] [optimize worker=3] iter=  575897, current=332776.000, temperature=153.309397, regime=T>0
[521.0003] [optimize worker=1] iter=  584112, current=363879.000, temperature=153.308821, regime=T>0
[521.0004] [optimize worker=0] iter=  578520, current=354893.000, temperature=153.308580, regime=T>0
[521.0009] [optimize worker=2] iter=  545409, current=366037.000, temperature=153.307568, regime=T>0
[522.0000] [optimize worker=0] iter=  584137, current=354893.000, temperature=151.374030, regime=T>0
[522.0000] [optimize worker=2] iter=  550749, current=366037.000, temperature=151.374022, regime=T>0
[522.0001] [optimize worker=3] iter=  581416, current=332884.000, temperature=151.373783, regime=T>0
[522.0005] [optimize worker=1] iter=  589805, current=363879.000, temperature=151.373077, regime=T>0
[523.0001] [optimize worker=0] iter=  589814, current=354893.000, temperature=149.462871, regime=T>0
[523.0004] [optimize worker=2] iter=  555887, current=366037.000, temperature=149.462312, regime=T>0
[523.0012] [optimize worker=3] iter=  586777, current=332884.000, temperature=149.460796, regime=T>0
[523.0014] [optimize worker=1] iter=  595078, current=363879.000, temperature=149.460497, regime=T>0
[523.8540] [optimize]  local best: worker=3, iter=  591397, score=330220.000
[523.8541] [optimize] shared best: worker=3, iter=  591397, score=330220.000
[524.0000] [optimize worker=1] iter=  600779, current=363879.000, temperature=147.576305, regime=T>0
[524.0003] [optimize worker=0] iter=  595282, current=354893.000, temperature=147.575808, regime=T>0
[524.0005] [optimize worker=2] iter=  561023, current=366037.000, temperature=147.575306, regime=T>0
[524.0009] [optimize worker=3] iter=  592117, current=330220.000, temperature=147.574683, regime=T>0
[525.0007] [optimize worker=1] iter=  606356, current=363879.000, temperature=145.711934, regime=T>0
[525.0009] [optimize worker=2] iter=  566207, current=366037.000, temperature=145.711736, regime=T>0
[525.0009] [optimize worker=0] iter=  600872, current=354893.000, temperature=145.711679, regime=T>0
[525.0010] [optimize worker=3] iter=  597431, current=330220.000, temperature=145.711396, regime=T>0
[526.0000] [optimize worker=0] iter=  606233, current=354893.000, temperature=143.873803, regime=T>0
[526.0000] [optimize worker=1] iter=  611730, current=363879.000, temperature=143.873762, regime=T>0
[526.0002] [optimize worker=2] iter=  571297, current=366037.000, temperature=143.873560, regime=T>0
[526.0002] [optimize worker=3] iter=  603026, current=330220.000, temperature=143.873471, regime=T>0
[527.0000] [optimize worker=0] iter=  611637, current=354893.000, temperature=142.057562, regime=T>0
[527.0000] [optimize worker=3] iter=  608562, current=330220.000, temperature=142.057568, regime=T>0
[527.0001] [optimize worker=2] iter=  576506, current=366037.000, temperature=142.057484, regime=T>0
[527.0006] [optimize worker=1] iter=  617357, current=363879.000, temperature=142.056506, regime=T>0
[528.0000] [optimize worker=1] iter=  622865, current=363879.000, temperature=140.264263, regime=T>0
[528.0002] [optimize worker=2] iter=  581772, current=366037.000, temperature=140.263848, regime=T>0
[528.0003] [optimize worker=0] iter=  617376, current=354893.000, temperature=140.263704, regime=T>0
[528.0011] [optimize worker=3] iter=  614115, current=330220.000, temperature=140.262373, regime=T>0
[529.0000] [optimize worker=3] iter=  619520, current=330220.000, temperature=138.493531, regime=T>0
[529.0004] [optimize worker=1] iter=  628403, current=363879.000, temperature=138.492922, regime=T>0
[529.0005] [optimize worker=2] iter=  586987, current=366037.000, temperature=138.492708, regime=T>0
[529.0007] [optimize worker=0] iter=  622927, current=354893.000, temperature=138.492350, regime=T>0
[529.0781] [optimize]  local best: worker=3, iter=  619894, score=326217.000
[529.0782] [optimize] shared best: worker=3, iter=  619894, score=326217.000
[530.0001] [optimize worker=1] iter=  633969, current=363879.000, temperature=136.745084, regime=T>0
[530.0002] [optimize worker=2] iter=  592454, current=366037.000, temperature=136.744852, regime=T>0
[530.0005] [optimize worker=0] iter=  628556, current=354893.000, temperature=136.744419, regime=T>0
[530.0006] [optimize worker=3] iter=  624889, current=326217.000, temperature=136.744238, regime=T>0
[531.0000] [optimize worker=0] iter=  634165, current=354893.000, temperature=135.018961, regime=T>0
[531.0001] [optimize worker=3] iter=  629784, current=326217.000, temperature=135.018828, regime=T>0
[531.0005] [optimize worker=2] iter=  597577, current=366037.000, temperature=135.018205, regime=T>0
[531.0006] [optimize worker=1] iter=  639508, current=363879.000, temperature=135.017913, regime=T>0
[532.0001] [optimize worker=0] iter=  639496, current=354893.000, temperature=133.314275, regime=T>0
[532.0003] [optimize worker=2] iter=  602918, current=366037.000, temperature=133.314077, regime=T>0
[532.0005] [optimize worker=1] iter=  645002, current=363879.000, temperature=133.313745, regime=T>0
[532.0011] [optimize worker=3] iter=  635488, current=326217.000, temperature=133.312694, regime=T>0
[533.0001] [optimize worker=2] iter=  607971, current=366037.000, temperature=131.631469, regime=T>0
[533.0003] [optimize worker=3] iter=  640896, current=326217.000, temperature=131.631115, regime=T>0
[533.0004] [optimize worker=1] iter=  650609, current=363879.000, temperature=131.630924, regime=T>0
[533.0009] [optimize worker=0] iter=  645203, current=354893.000, temperature=131.630049, regime=T>0
[534.0000] [optimize worker=0] iter=  650753, current=354893.000, temperature=129.969845, regime=T>0
[534.0001] [optimize worker=2] iter=  613008, current=366037.000, temperature=129.969717, regime=T>0
[534.0002] [optimize worker=1] iter=  655983, current=363879.000, temperature=129.969608, regime=T>0
[534.0006] [optimize worker=3] iter=  646324, current=326217.000, temperature=129.968825, regime=T>0
[535.0000] [optimize worker=2] iter=  618576, current=366037.000, temperature=128.329066, regime=T>0
[535.0004] [optimize worker=0] iter=  656417, current=354893.000, temperature=128.328508, regime=T>0
[535.0005] [optimize worker=1] iter=  661912, current=363879.000, temperature=128.328300, regime=T>0
[535.0013] [optimize worker=3] iter=  651907, current=326217.000, temperature=128.326972, regime=T>0
[536.0000] [optimize worker=0] iter=  662328, current=354893.000, temperature=126.709080, regime=T>0
[536.0003] [optimize worker=2] iter=  623751, current=366037.000, temperature=126.708668, regime=T>0
[536.0003] [optimize worker=1] iter=  667578, current=363879.000, temperature=126.708593, regime=T>0
[536.0007] [optimize worker=3] iter=  657494, current=326217.000, temperature=126.708008, regime=T>0
[537.0002] [optimize worker=3] iter=  663143, current=326217.000, temperature=125.109277, regime=T>0
[537.0002] [optimize worker=2] iter=  628969, current=366037.000, temperature=125.109187, regime=T>0
[537.0012] [optimize worker=0] iter=  668136, current=354893.000, temperature=125.107618, regime=T>0
[537.0018] [optimize worker=1] iter=  673322, current=363879.000, temperature=125.106741, regime=T>0
[538.0006] [optimize worker=0] iter=  673879, current=354893.000, temperature=123.529277, regime=T>0
[538.0006] [optimize worker=3] iter=  668395, current=326217.000, temperature=123.529239, regime=T>0
[538.0008] [optimize worker=1] iter=  679015, current=363879.000, temperature=123.528900, regime=T>0
[538.0009] [optimize worker=2] iter=  634370, current=366037.000, temperature=123.528790, regime=T>0
[539.0002] [optimize worker=2] iter=  640031, current=366037.000, temperature=121.970490, regime=T>0
[539.0002] [optimize worker=3] iter=  674158, current=326217.000, temperature=121.970372, regime=T>0
[539.0009] [optimize worker=0] iter=  679754, current=354893.000, temperature=121.969295, regime=T>0
[539.0012] [optimize worker=1] iter=  684614, current=363879.000, temperature=121.968881, regime=T>0
[540.0000] [optimize worker=0] iter=  685416, current=354893.000, temperature=120.430913, regime=T>0
[540.0002] [optimize worker=1] iter=  690350, current=363879.000, temperature=120.430716, regime=T>0
[540.0004] [optimize worker=3] iter=  679676, current=326217.000, temperature=120.430312, regime=T>0
[540.0008] [optimize worker=2] iter=  645353, current=366037.000, temperature=120.429703, regime=T>0
[541.0000] [optimize worker=0] iter=  691154, current=354893.000, temperature=118.910627, regime=T>0
[541.0001] [optimize worker=3] iter=  685019, current=326217.000, temperature=118.910482, regime=T>0
[541.0005] [optimize worker=1] iter=  696086, current=363879.000, temperature=118.909936, regime=T>0
[541.0009] [optimize worker=2] iter=  650251, current=366037.000, temperature=118.909297, regime=T>0
[542.0000] [optimize worker=2] iter=  655434, current=366037.000, temperature=117.409546, regime=T>0
[542.0000] [optimize worker=3] iter=  690476, current=326217.000, temperature=117.409543, regime=T>0
[542.0000] [optimize worker=1] iter=  701620, current=363879.000, temperature=117.409504, regime=T>0
[542.0003] [optimize worker=0] iter=  696601, current=354893.000, temperature=117.409128, regime=T>0
[543.0000] [optimize worker=3] iter=  696146, current=326217.000, temperature=115.927376, regime=T>0
[543.0001] [optimize worker=1] iter=  707332, current=363879.000, temperature=115.927285, regime=T>0
[543.0001] [optimize worker=0] iter=  702087, current=354893.000, temperature=115.927173, regime=T>0
[543.0011] [optimize worker=2] iter=  660397, current=366037.000, temperature=115.925703, regime=T>0
[544.0001] [optimize worker=1] iter=  712935, current=363879.000, temperature=114.463841, regime=T>0
[544.0004] [optimize worker=2] iter=  665504, current=366037.000, temperature=114.463332, regime=T>0
[544.0012] [optimize worker=3] iter=  701505, current=326217.000, temperature=114.462169, regime=T>0
[544.0014] [optimize worker=0] iter=  707487, current=354893.000, temperature=114.461928, regime=T>0
[545.0000] [optimize worker=2] iter=  670677, current=366037.000, temperature=113.018896, regime=T>0
[545.0001] [optimize worker=3] iter=  706786, current=326217.000, temperature=113.018841, regime=T>0
[545.0002] [optimize worker=0] iter=  712880, current=354893.000, temperature=113.018688, regime=T>0
[545.0002] [optimize worker=1] iter=  718531, current=363879.000, temperature=113.018674, regime=T>0
[546.0001] [optimize worker=0] iter=  718206, current=354893.000, temperature=111.592113, regime=T>0
[546.0001] [optimize worker=1] iter=  724114, current=363879.000, temperature=111.592119, regime=T>0
[546.0004] [optimize worker=3] iter=  712262, current=326217.000, temperature=111.591690, regime=T>0
[546.0005] [optimize worker=2] iter=  675677, current=366037.000, temperature=111.591524, regime=T>0
[547.0000] [optimize worker=1] iter=  729770, current=363879.000, temperature=110.183461, regime=T>0
[547.0003] [optimize worker=3] iter=  718135, current=326217.000, temperature=110.182982, regime=T>0
[547.0011] [optimize worker=2] iter=  681042, current=366037.000, temperature=110.181911, regime=T>0
[547.0021] [optimize worker=0] iter=  723895, current=354893.000, temperature=110.180580, regime=T>0
[548.0001] [optimize worker=0] iter=  729795, current=354893.000, temperature=108.792400, regime=T>0
[548.0003] [optimize worker=2] iter=  686468, current=366037.000, temperature=108.792137, regime=T>0
[548.0004] [optimize worker=1] iter=  735279, current=363879.000, temperature=108.791953, regime=T>0
[548.0016] [optimize worker=3] iter=  723870, current=326217.000, temperature=108.790372, regime=T>0
[549.0007] [optimize worker=2] iter=  691713, current=366037.000, temperature=107.418143, regime=T>0
[549.0008] [optimize worker=0] iter=  735234, current=354893.000, temperature=107.418070, regime=T>0
[549.0010] [optimize worker=3] iter=  729144, current=326217.000, temperature=107.417777, regime=T>0
[549.0013] [optimize worker=1] iter=  740706, current=363879.000, temperature=107.417326, regime=T>0
[550.0000] [optimize worker=0] iter=  740936, current=354893.000, temperature=106.063070, regime=T>0
[550.0001] [optimize worker=1] iter=  746156, current=363879.000, temperature=106.062903, regime=T>0
[550.0004] [optimize worker=2] iter=  697082, current=366037.000, temperature=106.062527, regime=T>0
[550.0009] [optimize worker=3] iter=  734430, current=326217.000, temperature=106.061863, regime=T>0
[551.0001] [optimize worker=2] iter=  702250, current=366037.000, temperature=104.724067, regime=T>0
[551.0003] [optimize worker=3] iter=  739647, current=326217.000, temperature=104.723756, regime=T>0
[551.0006] [optimize worker=0] iter=  746341, current=354893.000, temperature=104.723404, regime=T>0
[551.0013] [optimize worker=1] iter=  751630, current=363879.000, temperature=104.722467, regime=T>0
[552.0000] [optimize worker=3] iter=  744920, current=326217.000, temperature=103.402073, regime=T>0
[552.0004] [optimize worker=2] iter=  707314, current=366037.000, temperature=103.401528, regime=T>0
[552.0005] [optimize worker=0] iter=  751789, current=354893.000, temperature=103.401459, regime=T>0
[552.0009] [optimize worker=1] iter=  756976, current=363879.000, temperature=103.400904, regime=T>0
[552.5768] [optimize]  local best: worker=3, iter=  747986, score=319550.000
[552.5778] [candidate-emit] score=319550.000, force=false, status=ok, bytes=17376, serialize=0.000057s, write=0.000912s, total=0.000969s
[552.5779] [optimize] shared best: worker=3, iter=  747986, score=319550.000
[553.0001] [optimize worker=3] iter=  750424, current=319550.000, temperature=102.096707, regime=T>0
[553.0002] [optimize worker=1] iter=  762574, current=363879.000, temperature=102.096518, regime=T>0
[553.0009] [optimize worker=2] iter=  712507, current=366037.000, temperature=102.095552, regime=T>0
[553.0019] [optimize worker=0] iter=  757647, current=354893.000, temperature=102.094333, regime=T>0
[554.0001] [optimize worker=2] iter=  717740, current=366037.000, temperature=100.807719, regime=T>0
[554.0002] [optimize worker=3] iter=  756079, current=319550.000, temperature=100.807628, regime=T>0
[554.0003] [optimize worker=0] iter=  763380, current=354893.000, temperature=100.807580, regime=T>0
[554.0009] [optimize worker=1] iter=  768206, current=363879.000, temperature=100.806822, regime=T>0
[555.0001] [optimize worker=1] iter=  773961, current=363879.000, temperature=99.535187, regime=T>0
[555.0002] [optimize worker=3] iter=  761862, current=319550.000, temperature=99.535086, regime=T>0
[555.0002] [optimize worker=2] iter=  723068, current=366037.000, temperature=99.535054, regime=T>0
[555.0005] [optimize worker=0] iter=  769015, current=354893.000, temperature=99.534726, regime=T>0
[556.0001] [optimize worker=1] iter=  779453, current=363879.000, temperature=98.278635, regime=T>0
[556.0005] [optimize worker=0] iter=  774454, current=354893.000, temperature=98.278179, regime=T>0
[556.0007] [optimize worker=3] iter=  767505, current=319550.000, temperature=98.277983, regime=T>0
[556.0009] [optimize worker=2] iter=  728037, current=366037.000, temperature=98.277694, regime=T>0
[557.0000] [optimize worker=1] iter=  784623, current=363879.000, temperature=97.038077, regime=T>0
[557.0001] [optimize worker=2] iter=  732801, current=366037.000, temperature=97.038053, regime=T>0
[557.0001] [optimize worker=3] iter=  772862, current=319550.000, temperature=97.037958, regime=T>0
[557.0002] [optimize worker=0] iter=  779993, current=354893.000, temperature=97.037822, regime=T>0
[558.0000] [optimize worker=0] iter=  785347, current=354893.000, temperature=95.813112, regime=T>0
[558.0000] [optimize worker=2] iter=  737912, current=366037.000, temperature=95.813071, regime=T>0
[558.0001] [optimize worker=1] iter=  790144, current=363879.000, temperature=95.812999, regime=T>0
[558.0007] [optimize worker=3] iter=  778344, current=319550.000, temperature=95.812237, regime=T>0
[559.0000] [optimize worker=0] iter=  790980, current=354893.000, temperature=94.603579, regime=T>0
[559.0001] [optimize worker=2] iter=  743233, current=366037.000, temperature=94.603514, regime=T>0
[559.0002] [optimize worker=1] iter=  795880, current=363879.000, temperature=94.603308, regime=T>0
[559.0007] [optimize worker=3] iter=  784375, current=319550.000, temperature=94.602789, regime=T>0
[560.0000] [optimize worker=1] iter=  801661, current=363879.000, temperature=93.409311, regime=T>0
[560.0000] [optimize worker=3] iter=  790237, current=319550.000, temperature=93.409312, regime=T>0
[560.0008] [optimize worker=2] iter=  748288, current=366037.000, temperature=93.408346, regime=T>0
[560.0008] [optimize worker=0] iter=  796671, current=354893.000, temperature=93.408327, regime=T>0
[561.0002] [optimize worker=1] iter=  807555, current=363879.000, temperature=92.229929, regime=T>0
[561.0003] [optimize worker=3] iter=  795731, current=319550.000, temperature=92.229772, regime=T>0
[561.0002] [optimize worker=2] iter=  753931, current=366037.000, temperature=92.229891, regime=T>0
[561.0005] [optimize worker=0] iter=  802458, current=354893.000, temperature=92.229585, regime=T>0
[562.0000] [optimize worker=0] iter=  807922, current=354893.000, temperature=91.065781, regime=T>0
[562.0000] [optimize worker=2] iter=  759055, current=366037.000, temperature=91.065772, regime=T>0
[562.0004] [optimize worker=1] iter=  813390, current=363879.000, temperature=91.065375, regime=T>0
[562.0009] [optimize worker=3] iter=  801706, current=319550.000, temperature=91.064761, regime=T>0
[563.0000] [optimize worker=1] iter=  819158, current=363879.000, temperature=89.916213, regime=T>0
[563.0000] [optimize worker=2] iter=  764425, current=366037.000, temperature=89.916196, regime=T>0
[563.0000] [optimize worker=3] iter=  807606, current=319550.000, temperature=89.916177, regime=T>0
[563.0005] [optimize worker=0] iter=  813467, current=354893.000, temperature=89.915624, regime=T>0
[564.0000] [optimize worker=1] iter=  824782, current=363879.000, temperature=88.781118, regime=T>0
[564.0001] [optimize worker=2] iter=  769849, current=366037.000, temperature=88.781037, regime=T>0
[564.0005] [optimize worker=3] iter=  813254, current=319550.000, temperature=88.780515, regime=T>0
[564.0012] [optimize worker=0] iter=  819173, current=354893.000, temperature=88.779773, regime=T>0
[565.0000] [optimize worker=0] iter=  824906, current=354893.000, temperature=87.660319, regime=T>0
[565.0003] [optimize worker=1] iter=  830563, current=363879.000, temperature=87.660012, regime=T>0
[565.0009] [optimize worker=2] iter=  775272, current=366037.000, temperature=87.659311, regime=T>0
[565.0011] [optimize worker=3] iter=  819010, current=319550.000, temperature=87.659154, regime=T>0
[566.0000] [optimize worker=1] iter=  836115, current=363879.000, temperature=86.553705, regime=T>0
[566.0000] [optimize worker=2] iter=  780717, current=366037.000, temperature=86.553681, regime=T>0
[566.0001] [optimize worker=0] iter=  830647, current=354893.000, temperature=86.553629, regime=T>0
[566.0007] [optimize worker=3] iter=  825122, current=319550.000, temperature=86.552977, regime=T>0
[567.0000] [optimize worker=0] iter=  836433, current=354893.000, temperature=85.461081, regime=T>0
[567.0000] [optimize worker=2] iter=  785906, current=366037.000, temperature=85.461081, regime=T>0
[567.0002] [optimize worker=3] iter=  830949, current=319550.000, temperature=85.460874, regime=T>0
[567.0006] [optimize worker=1] iter=  841816, current=363879.000, temperature=85.460387, regime=T>0
[568.0000] [optimize worker=0] iter=  841958, current=354893.000, temperature=84.382209, regime=T>0
[568.0001] [optimize worker=3] iter=  836721, current=319550.000, temperature=84.382170, regime=T>0
[568.0005] [optimize worker=1] iter=  847627, current=363879.000, temperature=84.381715, regime=T>0
[568.0009] [optimize worker=2] iter=  791229, current=366037.000, temperature=84.381294, regime=T>0
[569.0000] [optimize worker=2] iter=  796520, current=366037.000, temperature=83.316988, regime=T>0
[569.0002] [optimize worker=0] iter=  847724, current=354893.000, temperature=83.316767, regime=T>0
[569.0003] [optimize worker=1] iter=  853346, current=363879.000, temperature=83.316691, regime=T>0
[569.0005] [optimize worker=3] iter=  842253, current=319550.000, temperature=83.316438, regime=T>0
[570.0000] [optimize worker=2] iter=  801945, current=366037.000, temperature=82.265203, regime=T>0
[570.0001] [optimize worker=1] iter=  859076, current=363879.000, temperature=82.265087, regime=T>0
[570.0001] [optimize worker=0] iter=  853720, current=354893.000, temperature=82.265059, regime=T>0
[570.0000] [optimize worker=3] iter=  848214, current=319550.000, temperature=82.265195, regime=T>0
[571.0000] [optimize worker=0] iter=  859504, current=354893.000, temperature=81.226664, regime=T>0
[571.0001] [optimize worker=3] iter=  853721, current=319550.000, temperature=81.226623, regime=T>0
[571.0001] [optimize worker=1] iter=  864784, current=363879.000, temperature=81.226579, regime=T>0
[571.0013] [optimize worker=2] iter=  807446, current=366037.000, temperature=81.225381, regime=T>0
[572.0000] [optimize worker=0] iter=  864916, current=354893.000, temperature=80.201288, regime=T>0
[572.0001] [optimize worker=2] iter=  812895, current=366037.000, temperature=80.201211, regime=T>0
[572.0001] [optimize worker=3] iter=  859307, current=319550.000, temperature=80.201210, regime=T>0
[572.0003] [optimize worker=1] iter=  870524, current=363879.000, temperature=80.201037, regime=T>0
[573.0000] [optimize worker=1] iter=  876071, current=363879.000, temperature=79.188809, regime=T>0
[573.0001] [optimize worker=3] iter=  865098, current=319550.000, temperature=79.188722, regime=T>0
[573.0003] [optimize worker=0] iter=  870658, current=354893.000, temperature=79.188524, regime=T>0
[573.0004] [optimize worker=2] iter=  818374, current=366037.000, temperature=79.188489, regime=T>0
[574.0000] [optimize worker=3] iter=  870541, current=319550.000, temperature=78.189168, regime=T>0
[574.0002] [optimize worker=0] iter=  876407, current=354893.000, temperature=78.188951, regime=T>0
[574.0004] [optimize worker=2] iter=  823657, current=366037.000, temperature=78.188745, regime=T>0
[574.0006] [optimize worker=1] iter=  881706, current=363879.000, temperature=78.188582, regime=T>0
[575.0000] [optimize worker=3] iter=  876368, current=319550.000, temperature=77.202071, regime=T>0
[575.0008] [optimize worker=0] iter=  882044, current=354893.000, temperature=77.201362, regime=T>0
[575.0011] [optimize worker=2] iter=  829180, current=366037.000, temperature=77.201054, regime=T>0
[575.0012] [optimize worker=1] iter=  887684, current=363879.000, temperature=77.200966, regime=T>0
[576.0000] [optimize worker=0] iter=  887929, current=354893.000, temperature=76.227502, regime=T>0
[576.0006] [optimize worker=1] iter=  893212, current=363879.000, temperature=76.226980, regime=T>0
[576.0009] [optimize worker=2] iter=  834635, current=366037.000, temperature=76.226646, regime=T>0
[576.0015] [optimize worker=3] iter=  882135, current=319550.000, temperature=76.226087, regime=T>0
[577.0001] [optimize worker=1] iter=  899083, current=363879.000, temperature=75.265173, regime=T>0
[577.0001] [optimize worker=3] iter=  887683, current=319550.000, temperature=75.265105, regime=T>0
[577.0004] [optimize worker=0] iter=  893825, current=354893.000, temperature=75.264870, regime=T>0
[577.0010] [optimize worker=2] iter=  839872, current=366037.000, temperature=75.264309, regime=T>0
[578.0000] [optimize worker=0] iter=  899709, current=354893.000, temperature=74.315044, regime=T>0
[578.0003] [optimize worker=3] iter=  893439, current=319550.000, temperature=74.314853, regime=T>0
[578.0004] [optimize worker=1] iter=  904772, current=363879.000, temperature=74.314725, regime=T>0
[578.0007] [optimize worker=2] iter=  845436, current=366037.000, temperature=74.314440, regime=T>0
[579.0000] [optimize worker=0] iter=  905424, current=354893.000, temperature=73.376926, regime=T>0
[579.0003] [optimize worker=2] iter=  850849, current=366037.000, temperature=73.376700, regime=T>0
[579.0004] [optimize worker=1] iter=  910542, current=363879.000, temperature=73.376529, regime=T>0
[579.0009] [optimize worker=3] iter=  898851, current=319550.000, temperature=73.376129, regime=T>0
[580.0000] [optimize worker=3] iter=  904470, current=319550.000, temperature=72.450632, regime=T>0
[580.0000] [optimize worker=0] iter=  911315, current=354893.000, temperature=72.450623, regime=T>0
[580.0004] [optimize worker=2] iter=  856183, current=366037.000, temperature=72.450222, regime=T>0
[580.0010] [optimize worker=1] iter=  916089, current=363879.000, temperature=72.449721, regime=T>0
[581.0000] [optimize worker=3] iter=  910204, current=319550.000, temperature=71.536022, regime=T>0
[581.0000] [optimize worker=0] iter=  916891, current=354893.000, temperature=71.536007, regime=T>0
[581.0001] [optimize worker=1] iter=  921709, current=363879.000, temperature=71.535948, regime=T>0
[581.0004] [optimize worker=2] iter=  861550, current=366037.000, temperature=71.535619, regime=T>0
[582.0000] [optimize worker=2] iter=  867064, current=366037.000, temperature=70.632946, regime=T>0
[582.0000] [optimize worker=1] iter=  927172, current=363879.000, temperature=70.632929, regime=T>0
[582.0006] [optimize worker=3] iter=  915922, current=319550.000, temperature=70.632393, regime=T>0
[582.0018] [optimize worker=0] iter=  922701, current=354893.000, temperature=70.631361, regime=T>0
[583.0001] [optimize worker=3] iter=  921561, current=319550.000, temperature=69.741201, regime=T>0
[583.0001] [optimize worker=0] iter=  928639, current=354893.000, temperature=69.741183, regime=T>0
[583.0001] [optimize worker=1] iter=  932893, current=363879.000, temperature=69.741165, regime=T>0
[583.0005] [optimize worker=2] iter=  872446, current=366037.000, temperature=69.740886, regime=T>0
[583.8392] [optimize]  local best: worker=0, iter=  933315, score=351870.000
[584.0002] [optimize worker=0] iter=  934265, current=351870.000, temperature=68.860734, regime=T>0
[584.0002] [optimize worker=3] iter=  927246, current=319550.000, temperature=68.860735, regime=T>0
[584.0003] [optimize worker=1] iter=  938568, current=363879.000, temperature=68.860607, regime=T>0
[584.0007] [optimize worker=2] iter=  877685, current=366037.000, temperature=68.860287, regime=T>0
[585.0000] [optimize worker=1] iter=  944150, current=363879.000, temperature=67.991587, regime=T>0
[585.0007] [optimize worker=0] iter=  940126, current=351870.000, temperature=67.990967, regime=T>0
[585.0012] [optimize worker=2] iter=  882812, current=366037.000, temperature=67.990572, regime=T>0
[585.0015] [optimize worker=3] iter=  933072, current=319550.000, temperature=67.990288, regime=T>0
[586.0000] [optimize worker=1] iter=  949523, current=363879.000, temperature=67.133256, regime=T>0
[586.0002] [optimize worker=3] iter=  938761, current=319550.000, temperature=67.133103, regime=T>0
[586.0005] [optimize worker=2] iter=  888109, current=366037.000, temperature=67.132875, regime=T>0
[586.0015] [optimize worker=0] iter=  945845, current=351870.000, temperature=67.132021, regime=T>0
[587.0001] [optimize worker=3] iter=  944683, current=319550.000, temperature=66.285723, regime=T>0
[587.0002] [optimize worker=1] iter=  955057, current=363879.000, temperature=66.285637, regime=T>0
[587.0003] [optimize worker=0] iter=  951337, current=351870.000, temperature=66.285557, regime=T>0
[587.0004] [optimize worker=2] iter=  893460, current=366037.000, temperature=66.285451, regime=T>0
[588.0001] [optimize worker=2] iter=  898799, current=366037.000, temperature=65.448899, regime=T>0
[588.0005] [optimize worker=1] iter=  960631, current=363879.000, temperature=65.448585, regime=T>0
[588.0007] [optimize worker=0] iter=  957271, current=351870.000, temperature=65.448441, regime=T>0
[588.0008] [optimize worker=3] iter=  950299, current=319550.000, temperature=65.448339, regime=T>0
[589.0001] [optimize worker=1] iter=  966264, current=363879.000, temperature=64.622699, regime=T>0
[589.0003] [optimize worker=2] iter=  904284, current=366037.000, temperature=64.622535, regime=T>0
[589.0006] [optimize worker=3] iter=  956200, current=319550.000, temperature=64.622280, regime=T>0
[589.0010] [optimize worker=0] iter=  962939, current=351870.000, temperature=64.621939, regime=T>0
[590.0000] [optimize worker=0] iter=  968481, current=351870.000, temperature=63.806973, regime=T>0
[590.0001] [optimize worker=3] iter=  962267, current=319550.000, temperature=63.806902, regime=T>0
[590.0003] [optimize worker=2] iter=  909941, current=366037.000, temperature=63.806726, regime=T>0
[590.0005] [optimize worker=1] iter=  971870, current=363879.000, temperature=63.806600, regime=T>0
[591.0002] [optimize worker=1] iter=  977680, current=363879.000, temperature=63.001314, regime=T>0
[591.0006] [optimize worker=3] iter=  968121, current=319550.000, temperature=63.000988, regime=T>0
[591.0010] [optimize worker=2] iter=  915255, current=366037.000, temperature=63.000663, regime=T>0
[591.0012] [optimize worker=0] iter=  974252, current=351870.000, temperature=63.000526, regime=T>0
[592.0002] [optimize worker=0] iter=  980474, current=351870.000, temperature=62.206035, regime=T>0
[592.0007] [optimize worker=2] iter=  920493, current=366037.000, temperature=62.205574, regime=T>0
[592.0011] [optimize worker=3] iter=  973742, current=319550.000, temperature=62.205297, regime=T>0
[592.0018] [optimize worker=1] iter=  983537, current=363879.000, temperature=62.204723, regime=T>0
[593.0001] [optimize worker=2] iter=  925848, current=366037.000, temperature=61.420824, regime=T>0
[593.0001] [optimize worker=0] iter=  986385, current=351870.000, temperature=61.420802, regime=T>0
[593.0003] [optimize worker=1] iter=  989269, current=363879.000, temperature=61.420645, regime=T>0
[593.0008] [optimize worker=3] iter=  979621, current=319550.000, temperature=61.420272, regime=T>0
[593.1675] [optimize]  local best: worker=0, iter=  987271, score=348022.000
[593.2068] [optimize]  local best: worker=0, iter=  987498, score=345203.000
[594.0000] [optimize worker=3] iter=  985477, current=319550.000, temperature=60.645500, regime=T>0
[594.0003] [optimize worker=2] iter=  931335, current=366037.000, temperature=60.645283, regime=T>0
[594.0003] [optimize worker=0] iter=  992110, current=345203.000, temperature=60.645275, regime=T>0
[594.0003] [optimize worker=1] iter=  994759, current=363879.000, temperature=60.645234, regime=T>0
[595.0000] [optimize worker=0] iter=  997708, current=345203.000, temperature=59.879909, regime=T>0
[595.0003] [optimize worker=3] iter=  991355, current=319550.000, temperature=59.879719, regime=T>0
[595.0007] [optimize worker=2] iter=  936763, current=366037.000, temperature=59.879348, regime=T>0
[595.0010] [optimize worker=1] iter= 1000503, current=363879.000, temperature=59.879137, regime=T>0
[596.0000] [optimize worker=1] iter= 1006205, current=363879.000, temperature=59.123990, regime=T>0
[596.0002] [optimize worker=0] iter= 1003460, current=345203.000, temperature=59.123854, regime=T>0
[596.0004] [optimize worker=2] iter=  942328, current=366037.000, temperature=59.123718, regime=T>0
[596.0006] [optimize worker=3] iter=  997075, current=319550.000, temperature=59.123550, regime=T>0
[597.0001] [optimize worker=3] iter= 1002912, current=319550.000, temperature=58.377582, regime=T>0
[597.0001] [optimize worker=2] iter=  948018, current=366037.000, temperature=58.377552, regime=T>0
[597.0002] [optimize worker=0] iter= 1009118, current=345203.000, temperature=58.377469, regime=T>0
[597.0005] [optimize worker=1] iter= 1012020, current=363879.000, temperature=58.377228, regime=T>0
[598.0004] [optimize worker=0] iter= 1014658, accepted=   89113, improved=      22, best_imports=    0, current=345203.000, local_best=345203.000, temp(z1>0)=576.406667->57.640667, temp(z1=0)=1000.000000->100.000000
neighbor stats:
  Large           : selected= 126823, succeeded=   7640 (  6.024%), improved=     24 (  0.314%, avg=   4145.17), accepted=   7387 ( 96.688%), time=121.222s, avg=  0.956ms
  Shift           : selected= 633768, succeeded= 633768 (100.000%), improved=      0 (  0.000%, avg=      0.00), accepted=  44755 (  7.062%), time= 21.171s, avg=  0.033ms
  Move            : selected= 127130, succeeded=  17828 ( 14.023%), improved=      2 (  0.011%, avg=   4912.50), accepted=  17828 (100.000%), time= 19.099s, avg=  0.150ms
  Rotate          : selected= 126937, succeeded= 126937 (100.000%), improved=      1 (  0.001%, avg=   6667.00), accepted=  19143 ( 15.081%), time= 19.609s, avg=  0.154ms
[598.0006] [optimize worker=1] iter= 1017860, accepted=  101076, improved=      10, best_imports=    0, current=363879.000, local_best=363879.000, temp(z1>0)=576.406667->57.640667, temp(z1=0)=1000.000000->100.000000
neighbor stats:
  Large           : selected= 126678, succeeded=   8590 (  6.781%), improved=      8 (  0.093%, avg=   6973.75), accepted=   8134 ( 94.692%), time=121.736s, avg=  0.961ms
  Shift           : selected= 637096, succeeded= 637096 (100.000%), improved=      1 (  0.000%, avg=   6667.00), accepted=  58494 (  9.181%), time= 21.037s, avg=  0.033ms
  Move            : selected= 127170, succeeded=  17490 ( 13.753%), improved=      1 (  0.006%, avg=   6667.00), accepted=  17490 (100.000%), time= 19.173s, avg=  0.151ms
  Rotate          : selected= 126916, succeeded= 126916 (100.000%), improved=      0 (  0.000%, avg=      0.00), accepted=  16958 ( 13.362%), time= 19.155s, avg=  0.151ms
[598.0007] [optimize worker=2] iter=  953143, accepted=   84455, improved=      11, best_imports=    0, current=366037.000, local_best=366037.000, temp(z1>0)=576.406667->57.640667, temp(z1=0)=1000.000000->100.000000
neighbor stats:
  Large           : selected= 119496, succeeded=   9166 (  7.671%), improved=      9 (  0.098%, avg=   7876.11), accepted=   9085 ( 99.116%), time=124.910s, avg=  1.045ms
  Shift           : selected= 595535, succeeded= 595535 (100.000%), improved=      1 (  0.000%, avg=   6667.00), accepted=  39625 (  6.654%), time= 19.771s, avg=  0.033ms
  Move            : selected= 118757, succeeded=  15838 ( 13.336%), improved=      1 (  0.006%, avg=  20001.00), accepted=  15838 (100.000%), time= 18.476s, avg=  0.156ms
  Rotate          : selected= 119355, succeeded= 119355 (100.000%), improved=      0 (  0.000%, avg=      0.00), accepted=  19907 ( 16.679%), time= 17.951s, avg=  0.150ms
[598.0009] [optimize worker=3] iter= 1008656, accepted=  107576, improved=      30, best_imports=    0, current=319550.000, local_best=319550.000, temp(z1>0)=576.406667->57.640667, temp(z1=0)=1000.000000->100.000000
neighbor stats:
  Large           : selected= 125545, succeeded=   8537 (  6.800%), improved=     22 (  0.258%, avg=   4954.09), accepted=   8246 ( 96.591%), time=122.486s, avg=  0.976ms
  Shift           : selected= 630232, succeeded= 630232 (100.000%), improved=      2 (  0.000%, avg=   6667.00), accepted=  59965 (  9.515%), time= 20.681s, avg=  0.033ms
  Move            : selected= 126075, succeeded=  18421 ( 14.611%), improved=      5 (  0.027%, avg=   7710.40), accepted=  18421 (100.000%), time= 18.905s, avg=  0.150ms
  Rotate          : selected= 126804, succeeded= 126804 (100.000%), improved=      1 (  0.001%, avg=   6667.00), accepted=  20944 ( 16.517%), time= 19.030s, avg=  0.150ms
[598.0010] [optimize] result: best=319550.000
[reconstruct-weight] horizon=8 attempts=498542 changed=22965 unchanged=10968 failed=464609 changed_rate=4.61%
  marginal volume: 0:[177720,6289,3.54%] 1:[223652,10786,4.82%] 2:[88377,5232,5.92%] 3:[8123,610,7.51%] 4:[617,44,7.13%] 5:[51,4,7.84%] 6:[2,0,0.00%] 7:[0,0,0.00%]
  marginal pref_spread: 0:[178252,8837,4.96%] 1:[223609,10395,4.65%] 2:[87839,3411,3.88%] 3:[8131,310,3.81%] 4:[660,12,1.82%] 5:[48,0,0.00%] 6:[3,0,0.00%] 7:[0,0,0.00%]
  marginal limit_time_urgency: 0:[178688,6898,3.86%] 1:[222976,10589,4.75%] 2:[88142,4903,5.56%] 3:[8036,527,6.56%] 4:[655,42,6.41%] 5:[41,6,14.63%] 6:[4,0,0.00%] 7:[0,0,0.00%]
  marginal slack_tightness: 0:[177889,9395,5.28%] 1:[223720,10114,4.52%] 2:[88264,3212,3.64%] 3:[7943,222,2.79%] 4:[665,21,3.16%] 5:[58,1,1.72%] 6:[3,0,0.00%] 7:[0,0,0.00%]
  marginal current_penalty: 0:[178293,8656,4.85%] 1:[223288,10208,4.57%] 2:[88305,3751,4.25%] 3:[7976,323,4.05%] 4:[615,22,3.58%] 5:[62,5,8.06%] 6:[3,0,0.00%] 7:[0,0,0.00%]
  marginal random: 0:[178202,9026,5.07%] 1:[223049,10171,4.56%] 2:[88630,3519,3.97%] 3:[7949,233,2.93%] 4:[651,15,2.30%] 5:[54,1,1.85%] 6:[7,0,0.00%] 7:[0,0,0.00%]
  top2: volume+pref_spread:[33252,1802,5.42%] volume+limit_time_urgency:[32996,2553,7.74%] pref_spread+limit_time_urgency:[33125,1637,4.94%] volume+slack_tightness:[33225,1644,4.95%] pref_spread+slack_tightness:[33549,1103,3.29%] limit_time_urgency+slack_tightness:[32960,1462,4.44%] volume+current_penalty:[33548,1884,5.62%] pref_spread+current_penalty:[32982,1187,3.60%] limit_time_urgency+current_penalty:[33208,1715,5.16%] slack_tightness+current_penalty:[33194,1126,3.39%] volume+random:[33483,1705,5.09%] pref_spread+random:[33346,1204,3.61%] limit_time_urgency+random:[33136,1597,4.82%] slack_tightness+random:[33269,1072,3.22%] current_penalty+random:[33269,1274,3.83%]
  top3: volume+pref_spread+limit_time_urgency:[24873,1647,6.62%] volume+pref_spread+slack_tightness:[24940,1134,4.55%] volume+limit_time_urgency+slack_tightness:[24802,1533,6.18%] pref_spread+limit_time_urgency+slack_tightness:[24998,1001,4.00%] volume+pref_spread+current_penalty:[24799,1255,5.06%] volume+limit_time_urgency+current_penalty:[24764,1713,6.92%] pref_spread+limit_time_urgency+current_penalty:[25066,1130,4.51%] volume+slack_tightness+current_penalty:[25286,1151,4.55%] pref_spread+slack_tightness+current_penalty:[24807,767,3.09%] limit_time_urgency+slack_tightness+current_penalty:[24836,1063,4.28%] volume+pref_spread+random:[24836,1142,4.60%] volume+limit_time_urgency+random:[25028,1608,6.42%] pref_spread+limit_time_urgency+random:[24733,1148,4.64%] volume+slack_tightness+random:[25157,1140,4.53%] pref_spread+slack_tightness+random:[25214,733,2.91%] limit_time_urgency+slack_tightness+random:[24710,968,3.92%] volume+current_penalty+random:[24940,1227,4.92%] pref_spread+current_penalty+random:[24763,816,3.30%] limit_time_urgency+current_penalty+random:[25256,1059,4.19%] slack_tightness+current_penalty+random:[24734,730,2.95%]
  pair_top20: volume[3]+limit_time_urgency[3]:[107,13,12.15%] volume[3]+limit_time_urgency[2]:[781,89,11.40%] volume[4]+slack_tightness[1]:[142,15,10.56%] volume[2]+limit_time_urgency[3]:[747,78,10.44%] volume[1]+limit_time_urgency[4]:[155,14,9.03%] volume[3]+limit_time_urgency[1]:[2160,190,8.80%] pref_spread[1]+limit_time_urgency[4]:[171,15,8.77%] volume[4]+limit_time_urgency[1]:[144,12,8.33%] volume[1]+limit_time_urgency[3]:[2289,188,8.21%] volume[2]+limit_time_urgency[2]:[12254,982,8.01%] volume[3]+current_penalty[1]:[2275,182,8.00%] volume[3]+slack_tightness[0]:[4968,394,7.93%] volume[3]+pref_spread[1]:[2289,181,7.91%] volume[3]+random[1]:[2279,178,7.81%] volume[4]+random[0]:[465,36,7.74%] volume[3]+slack_tightness[1]:[2282,174,7.62%] volume[3]+pref_spread[0]:[4971,378,7.60%] volume[3]+random[0]:[4961,377,7.60%] volume[4]+pref_spread[0]:[437,33,7.55%] volume[4]+current_penalty[0]:[439,33,7.52%]
[598.0014] [candidate-emit] score=319550.000, force=true, status=ok, bytes=17376, serialize=0.000060s, write=0.000285s, total=0.000346s
[598.7095] [main] end.
